			<atc:trial atc:idx='test1' atc:param='default' atc:map="map1" atc:sky="script1" atc:ui="ui001" atc:notify_missed_acceptance='false' atc:notify_missed_handoff='false' atc:disable_callout_rotation='true'>
				<atc:timeEvent>300</atc:timeEvent>
			<!--No Interruption Condition-->
                  <atc:info_box atc:x='0' atc:y='0' atc:font='Courier New' atc:font_size='50' atc:font_colour='blue' atc:border='true'>Primary Scenario</atc:info_box>
			</atc:trial>

			<atc:trial atc:idx='test2' atc:param='default' atc:map="map1" atc:sky="script2" atc:ui="ui001" atc:notify_missed_acceptance='false' atc:notify_missed_handoff='false' atc:disable_callout_rotation='true'>
				<atc:timeEvent>300</atc:timeEvent>
                  <atc:info_box atc:x='0' atc:y='0' atc:font='Courier New' atc:font_size='50' atc:font_colour='blue' atc:border='true'>Primary Scenario</atc:info_box>
			<!--No Interruption Condition-->
			</atc:trial>

			<atc:trial atc:idx='test3' atc:param='default' atc:map="map1" atc:sky="script3" atc:ui="ui001" atc:notify_missed_acceptance='false' atc:notify_missed_handoff='false' atc:disable_callout_rotation='true'>
				<atc:timeEvent>300</atc:timeEvent>
                  <atc:info_box atc:x='0' atc:y='0' atc:font='Courier New' atc:font_size='50' atc:font_colour='blue' atc:border='true'>Primary Scenario</atc:info_box>
			<!--No Interruption Condition-->
			</atc:trial>	

			<atc:trial atc:idx='test4' atc:param='default' atc:map="map1" atc:sky="script4" atc:ui="ui001" atc:notify_missed_acceptance='false' atc:notify_missed_handoff='false' atc:disable_callout_rotation='true'>
				<atc:timeEvent>300</atc:timeEvent>
                  <atc:info_box atc:x='0' atc:y='0' atc:font='Courier New' atc:font_size='50' atc:font_colour='blue' atc:border='true'>Primary Scenario</atc:info_box>
			<!--No Interruption Condition-->
			</atc:trial>			

			<atc:trial atc:idx='test5' atc:param='default' atc:map="map1" atc:sky="script5" atc:ui="ui001" atc:notify_missed_acceptance='false' atc:notify_missed_handoff='false' atc:disable_callout_rotation='true'>
				<atc:timeEvent>300</atc:timeEvent>
                  <atc:info_box atc:x='0' atc:y='0' atc:font='Courier New' atc:font_size='50' atc:font_colour='blue' atc:border='true'>Primary Scenario</atc:info_box>
			<!--No Interruption Condition-->
			</atc:trial>

			<atc:trial atc:idx='test6' atc:param='default' atc:map="map1" atc:sky="script6" atc:ui="ui001" atc:notify_missed_acceptance='false' atc:notify_missed_handoff='false' atc:disable_callout_rotation='true'>
				<atc:timeEvent>300</atc:timeEvent>
                  <atc:info_box atc:x='0' atc:y='0' atc:font='Courier New' atc:font_size='50' atc:font_colour='blue' atc:border='true'>Primary Scenario</atc:info_box>
			<!--No Interruption Condition-->
			</atc:trial>	

			<atc:trial atc:idx='test7' atc:param='default' atc:map="map1" atc:sky="script7" atc:ui="ui001" atc:notify_missed_acceptance='false' atc:notify_missed_handoff='false' atc:disable_callout_rotation='true'>
				<atc:timeEvent>300</atc:timeEvent>
                  <atc:info_box atc:x='0' atc:y='0' atc:font='Courier New' atc:font_size='50' atc:font_colour='blue' atc:border='true'>Primary Scenario</atc:info_box>
			<!--No Interruption Condition-->
			</atc:trial>

			<atc:trial atc:idx='test8' atc:param='default' atc:map="map1" atc:sky="script8" atc:ui="ui001" atc:notify_missed_acceptance='false' atc:notify_missed_handoff='false' atc:disable_callout_rotation='true'>
				<atc:timeEvent>300</atc:timeEvent>
                  <atc:info_box atc:x='0' atc:y='0' atc:font='Courier New' atc:font_size='50' atc:font_colour='blue' atc:border='true'>Primary Scenario</atc:info_box>
			<!--No Interruption Condition-->
			</atc:trial>		

			<atc:trial atc:idx='test9' atc:param='default' atc:map="map1" atc:sky="script9" atc:ui="ui001" atc:notify_missed_acceptance='false' atc:notify_missed_handoff='false' atc:disable_callout_rotation='true'>
				<atc:timeEvent>300</atc:timeEvent>
                  <atc:info_box atc:x='0' atc:y='0' atc:font='Courier New' atc:font_size='50' atc:font_colour='blue' atc:border='true'>Primary Scenario</atc:info_box>
			<!--No Interruption Condition-->
			</atc:trial>

			<atc:trial atc:idx='test10' atc:param='default' atc:map="map1" atc:sky="script10" atc:ui="ui001" atc:notify_missed_acceptance='false' atc:notify_missed_handoff='false' atc:disable_callout_rotation='true'>
				<atc:timeEvent>300</atc:timeEvent>
                  <atc:info_box atc:x='0' atc:y='0' atc:font='Courier New' atc:font_size='50' atc:font_colour='blue' atc:border='true'>Primary Scenario</atc:info_box>
			<!--No Interruption Condition-->
			</atc:trial>

			<atc:trial atc:idx='test11' atc:param='default' atc:map="map1" atc:sky="script11" atc:ui="ui001" atc:notify_missed_acceptance='false' atc:notify_missed_handoff='false' atc:disable_callout_rotation='true'>
				<atc:timeEvent>300</atc:timeEvent>
                  <atc:info_box atc:x='0' atc:y='0' atc:font='Courier New' atc:font_size='50' atc:font_colour='blue' atc:border='true'>Primary Scenario</atc:info_box>
			<!--No Interruption Condition-->
			</atc:trial>

			<atc:trial atc:idx='test12' atc:param='default' atc:map="map1" atc:sky="script12" atc:ui="ui001" atc:notify_missed_acceptance='false' atc:notify_missed_handoff='false' atc:disable_callout_rotation='true'>
				<atc:timeEvent>300</atc:timeEvent>
                  <atc:info_box atc:x='0' atc:y='0' atc:font='Courier New' atc:font_size='50' atc:font_colour='blue' atc:border='true'>Primary Scenario</atc:info_box>
			<!--No Interruption Condition-->
			</atc:trial>

			<atc:trial atc:idx='test13' atc:param='default' atc:map="map1" atc:sky="script13" atc:ui="ui001" atc:notify_missed_acceptance='false' atc:notify_missed_handoff='false' atc:disable_callout_rotation='true'>
				<atc:timeEvent>300</atc:timeEvent>
                  <atc:info_box atc:x='0' atc:y='0' atc:font='Courier New' atc:font_size='50' atc:font_colour='blue' atc:border='true'>Primary Scenario</atc:info_box>	
			<!--No Interruption Condition-->			
			</atc:trial>

			<atc:trial atc:idx='test14' atc:param='default' atc:map="map1" atc:sky="script14" atc:ui="ui001" atc:notify_missed_acceptance='false' atc:notify_missed_handoff='false' atc:disable_callout_rotation='true'>
				<atc:timeEvent>300</atc:timeEvent>
                  <atc:info_box atc:x='0' atc:y='0' atc:font='Courier New' atc:font_size='50' atc:font_colour='blue' atc:border='true'>Primary Scenario</atc:info_box>
			<!--No Interruption Condition-->
			</atc:trial>

			<atc:trial atc:idx='test15' atc:param='default' atc:map="map1" atc:sky="script15" atc:ui="ui001" atc:notify_missed_acceptance='false' atc:notify_missed_handoff='false' atc:disable_callout_rotation='true'>
				<atc:timeEvent>300</atc:timeEvent>
                  <atc:info_box atc:x='0' atc:y='0' atc:font='Courier New' atc:font_size='50' atc:font_colour='blue' atc:border='true'>Primary Scenario</atc:info_box>
			<!--No Interruption Condition-->
			</atc:trial>

			<atc:trial atc:idx='test1' atc:param='default' atc:map="map1" atc:sky="script1" atc:ui="ui001" atc:notify_missed_acceptance='false' atc:notify_missed_handoff='false' atc:disable_callout_rotation='true'>
				<atc:timeEvent>300</atc:timeEvent>
                  <atc:info_box atc:x='0' atc:y='0' atc:font='Courier New' atc:font_size='50' atc:font_colour='blue' atc:border='true'>Primary Scenario</atc:info_box>
				<atc:interruption atc:start='120' atc:end='147' atc:auto_handoff='true' atc:auto_accept='true' atc:show_blank_screen='true' atc:external_program='"blunt1.VBS"'>
		          <atc:initial_display atc:symbol='+' atc:font='Courier' atc:font_size='50' atc:font_colour='white' atc:duration_ms='5000' atc:show_timer='false' atc:x='840' atc:y='525'/>
			</atc:interruption>
			</atc:trial>

			<atc:trial atc:idx='test2' atc:param='default' atc:map="map1" atc:sky="script2" atc:ui="ui001" atc:notify_missed_acceptance='false' atc:notify_missed_handoff='false' atc:disable_callout_rotation='true'>
				<atc:timeEvent>300</atc:timeEvent>
                  <atc:info_box atc:x='0' atc:y='0' atc:font='Courier New' atc:font_size='50' atc:font_colour='blue' atc:border='true'>Primary Scenario</atc:info_box>
				<atc:interruption atc:start='142' atc:end='169' atc:auto_handoff='true' atc:auto_accept='true' atc:show_blank_screen='true' atc:external_program='"blunt2.VBS"'>
		          <atc:initial_display atc:symbol='+' atc:font='Courier' atc:font_size='50' atc:font_colour='white' atc:duration_ms='5000' atc:show_timer='false' atc:x='840' atc:y='525'/>
			</atc:interruption>
			</atc:trial>

			<atc:trial atc:idx='test3' atc:param='default' atc:map="map1" atc:sky="script3" atc:ui="ui001" atc:notify_missed_acceptance='false' atc:notify_missed_handoff='false' atc:disable_callout_rotation='true'>
				<atc:timeEvent>300</atc:timeEvent>
                  <atc:info_box atc:x='0' atc:y='0' atc:font='Courier New' atc:font_size='50' atc:font_colour='blue' atc:border='true'>Primary Scenario</atc:info_box>
				<atc:interruption atc:start='95' atc:end='122' atc:auto_handoff='true' atc:auto_accept='true' atc:show_blank_screen='true' atc:external_program='"blunt3.VBS"'>
		          <atc:initial_display atc:symbol='+' atc:font='Courier' atc:font_size='50' atc:font_colour='white' atc:duration_ms='5000' atc:show_timer='false' atc:x='840' atc:y='525'/>
			</atc:interruption>
			</atc:trial>	

			<atc:trial atc:idx='test4' atc:param='default' atc:map="map1" atc:sky="script4" atc:ui="ui001" atc:notify_missed_acceptance='false' atc:notify_missed_handoff='false' atc:disable_callout_rotation='true'>
				<atc:timeEvent>300</atc:timeEvent>
                  <atc:info_box atc:x='0' atc:y='0' atc:font='Courier New' atc:font_size='50' atc:font_colour='blue' atc:border='true'>Primary Scenario</atc:info_box>
				<atc:interruption atc:start='96' atc:end='123' atc:auto_handoff='true' atc:auto_accept='true' atc:show_blank_screen='true' atc:external_program='"blunt4.VBS"'>
		          <atc:initial_display atc:symbol='+' atc:font='Courier' atc:font_size='50' atc:font_colour='white' atc:duration_ms='5000' atc:show_timer='false' atc:x='840' atc:y='525'/>
			</atc:interruption>	
			</atc:trial>			

			<atc:trial atc:idx='test5' atc:param='default' atc:map="map1" atc:sky="script5" atc:ui="ui001" atc:notify_missed_acceptance='false' atc:notify_missed_handoff='false' atc:disable_callout_rotation='true'>
				<atc:timeEvent>300</atc:timeEvent>
                  <atc:info_box atc:x='0' atc:y='0' atc:font='Courier New' atc:font_size='50' atc:font_colour='blue' atc:border='true'>Primary Scenario</atc:info_box>
				<atc:interruption atc:start='148' atc:end='175' atc:auto_handoff='true' atc:auto_accept='true' atc:show_blank_screen='true' atc:external_program='"blunt5.VBS"'>
		          <atc:initial_display atc:symbol='+' atc:font='Courier' atc:font_size='50' atc:font_colour='white' atc:duration_ms='5000' atc:show_timer='false' atc:x='840' atc:y='525'/>
			</atc:interruption>
			</atc:trial>

			<atc:trial atc:idx='test6' atc:param='default' atc:map="map1" atc:sky="script6" atc:ui="ui001" atc:notify_missed_acceptance='false' atc:notify_missed_handoff='false' atc:disable_callout_rotation='true'>
				<atc:timeEvent>300</atc:timeEvent>
                  <atc:info_box atc:x='0' atc:y='0' atc:font='Courier New' atc:font_size='50' atc:font_colour='blue' atc:border='true'>Primary Scenario</atc:info_box>
				<atc:interruption atc:start='96' atc:end='123' atc:auto_handoff='true' atc:auto_accept='true' atc:show_blank_screen='true' atc:external_program='"blunt1.VBS"'>
		          <atc:initial_display atc:symbol='+' atc:font='Courier' atc:font_size='50' atc:font_colour='white' atc:duration_ms='5000' atc:show_timer='false' atc:x='840' atc:y='525'/>
			</atc:interruption>
			</atc:trial>	

			<atc:trial atc:idx='test7' atc:param='default' atc:map="map1" atc:sky="script7" atc:ui="ui001" atc:notify_missed_acceptance='false' atc:notify_missed_handoff='false' atc:disable_callout_rotation='true'>
				<atc:timeEvent>300</atc:timeEvent>
                  <atc:info_box atc:x='0' atc:y='0' atc:font='Courier New' atc:font_size='50' atc:font_colour='blue' atc:border='true'>Primary Scenario</atc:info_box>
				<atc:interruption atc:start='123' atc:end='150' atc:auto_handoff='true' atc:auto_accept='true' atc:show_blank_screen='true' atc:external_program='"blunt2.VBS"'>
		          <atc:initial_display atc:symbol='+' atc:font='Courier' atc:font_size='50' atc:font_colour='white' atc:duration_ms='5000' atc:show_timer='false' atc:x='840' atc:y='525'/>
			</atc:interruption>
			</atc:trial>

			<atc:trial atc:idx='test8' atc:param='default' atc:map="map1" atc:sky="script8" atc:ui="ui001" atc:notify_missed_acceptance='false' atc:notify_missed_handoff='false' atc:disable_callout_rotation='true'>
				<atc:timeEvent>300</atc:timeEvent>
                  <atc:info_box atc:x='0' atc:y='0' atc:font='Courier New' atc:font_size='50' atc:font_colour='blue' atc:border='true'>Primary Scenario</atc:info_box>
				<atc:interruption atc:start='91' atc:end='118' atc:auto_handoff='true' atc:auto_accept='true' atc:show_blank_screen='true' atc:external_program='"blunt3.VBS"'>
		          <atc:initial_display atc:symbol='+' atc:font='Courier' atc:font_size='50' atc:font_colour='white' atc:duration_ms='5000' atc:show_timer='false' atc:x='840' atc:y='525'/>
			</atc:interruption>			
			</atc:trial>		

			<atc:trial atc:idx='test9' atc:param='default' atc:map="map1" atc:sky="script9" atc:ui="ui001" atc:notify_missed_acceptance='false' atc:notify_missed_handoff='false' atc:disable_callout_rotation='true'>
				<atc:timeEvent>300</atc:timeEvent>
                  <atc:info_box atc:x='0' atc:y='0' atc:font='Courier New' atc:font_size='50' atc:font_colour='blue' atc:border='true'>Primary Scenario</atc:info_box>
				<atc:interruption atc:start='133' atc:end='160' atc:auto_handoff='true' atc:auto_accept='true' atc:show_blank_screen='true' atc:external_program='"blunt4.VBS"'>
		          <atc:initial_display atc:symbol='+' atc:font='Courier' atc:font_size='50' atc:font_colour='white' atc:duration_ms='5000' atc:show_timer='false' atc:x='840' atc:y='525'/>
			</atc:interruption>		
			</atc:trial>

			<atc:trial atc:idx='test10' atc:param='default' atc:map="map1" atc:sky="script10" atc:ui="ui001" atc:notify_missed_acceptance='false' atc:notify_missed_handoff='false' atc:disable_callout_rotation='true'>
				<atc:timeEvent>300</atc:timeEvent>
                  <atc:info_box atc:x='0' atc:y='0' atc:font='Courier New' atc:font_size='50' atc:font_colour='blue' atc:border='true'>Primary Scenario</atc:info_box>
				<atc:interruption atc:start='123' atc:end='150' atc:auto_handoff='true' atc:auto_accept='true' atc:show_blank_screen='true' atc:external_program='"blunt5.VBS"'>
		          <atc:initial_display atc:symbol='+' atc:font='Courier' atc:font_size='50' atc:font_colour='white' atc:duration_ms='5000' atc:show_timer='false' atc:x='840' atc:y='525'/>
			</atc:interruption>
			</atc:trial>

			<atc:trial atc:idx='test11' atc:param='default' atc:map="map1" atc:sky="script11" atc:ui="ui001" atc:notify_missed_acceptance='false' atc:notify_missed_handoff='false' atc:disable_callout_rotation='true'>
				<atc:timeEvent>300</atc:timeEvent>
                  <atc:info_box atc:x='0' atc:y='0' atc:font='Courier New' atc:font_size='50' atc:font_colour='blue' atc:border='true'>Primary Scenario</atc:info_box>
				<atc:interruption atc:start='144' atc:end='171' atc:auto_handoff='true' atc:auto_accept='true' atc:show_blank_screen='true' atc:external_program='"blunt1.VBS"'>
		          <atc:initial_display atc:symbol='+' atc:font='Courier' atc:font_size='50' atc:font_colour='white' atc:duration_ms='5000' atc:show_timer='false' atc:x='840' atc:y='525'/>
			</atc:interruption>
			</atc:trial>

			<atc:trial atc:idx='test12' atc:param='default' atc:map="map1" atc:sky="script12" atc:ui="ui001" atc:notify_missed_acceptance='false' atc:notify_missed_handoff='false' atc:disable_callout_rotation='true'>
				<atc:timeEvent>300</atc:timeEvent>
                  <atc:info_box atc:x='0' atc:y='0' atc:font='Courier New' atc:font_size='50' atc:font_colour='blue' atc:border='true'>Primary Scenario</atc:info_box>
				<atc:interruption atc:start='120' atc:end='147' atc:auto_handoff='true' atc:auto_accept='true' atc:show_blank_screen='true' atc:external_program='"blunt2.VBS"'>
		          <atc:initial_display atc:symbol='+' atc:font='Courier' atc:font_size='50' atc:font_colour='white' atc:duration_ms='5000' atc:show_timer='false' atc:x='840' atc:y='525'/>
			</atc:interruption>
			</atc:trial>

			<atc:trial atc:idx='test13' atc:param='default' atc:map="map1" atc:sky="script13" atc:ui="ui001" atc:notify_missed_acceptance='false' atc:notify_missed_handoff='false' atc:disable_callout_rotation='true'>
				<atc:timeEvent>300</atc:timeEvent>
                  <atc:info_box atc:x='0' atc:y='0' atc:font='Courier New' atc:font_size='50' atc:font_colour='blue' atc:border='true'>Primary Scenario</atc:info_box>
				<atc:interruption atc:start='120' atc:end='147' atc:auto_handoff='true' atc:auto_accept='true' atc:show_blank_screen='true' atc:external_program='"blunt3.VBS"'>
		          <atc:initial_display atc:symbol='+' atc:font='Courier' atc:font_size='50' atc:font_colour='white' atc:duration_ms='5000' atc:show_timer='false' atc:x='840' atc:y='525'/>
			</atc:interruption>
			</atc:trial>

			<atc:trial atc:idx='test14' atc:param='default' atc:map="map1" atc:sky="script14" atc:ui="ui001" atc:notify_missed_acceptance='false' atc:notify_missed_handoff='false' atc:disable_callout_rotation='true'>
				<atc:timeEvent>300</atc:timeEvent>
                  <atc:info_box atc:x='0' atc:y='0' atc:font='Courier New' atc:font_size='50' atc:font_colour='blue' atc:border='true'>Primary Scenario</atc:info_box>
				<atc:interruption atc:start='111' atc:end='138' atc:auto_handoff='true' atc:auto_accept='true' atc:show_blank_screen='true' atc:external_program='"blunt4.VBS"'>
		          <atc:initial_display atc:symbol='+' atc:font='Courier' atc:font_size='50' atc:font_colour='white' atc:duration_ms='5000' atc:show_timer='false' atc:x='840' atc:y='525'/>
			</atc:interruption>	
			</atc:trial>

			<atc:trial atc:idx='test15' atc:param='default' atc:map="map1" atc:sky="script15" atc:ui="ui001" atc:notify_missed_acceptance='false' atc:notify_missed_handoff='false' atc:disable_callout_rotation='true'>
				<atc:timeEvent>300</atc:timeEvent>
                  <atc:info_box atc:x='0' atc:y='0' atc:font='Courier New' atc:font_size='50' atc:font_colour='blue' atc:border='true'>Primary Scenario</atc:info_box>
				<atc:interruption atc:start='144' atc:end='171' atc:auto_handoff='true' atc:auto_accept='true' atc:show_blank_screen='true' atc:external_program='"blunt5.VBS"'>
		          <atc:initial_display atc:symbol='+' atc:font='Courier' atc:font_size='50' atc:font_colour='white' atc:duration_ms='5000' atc:show_timer='false' atc:x='840' atc:y='525'/>
			</atc:interruption>
			</atc:trial>

			<atc:trial atc:idx='test1' atc:param='default' atc:map="map1" atc:sky="script1" atc:ui="ui001" atc:notify_missed_acceptance='false' atc:notify_missed_handoff='false' atc:disable_callout_rotation='true'>
				<atc:timeEvent>300</atc:timeEvent>
                  <atc:info_box atc:x='0' atc:y='0' atc:font='Courier New' atc:font_size='50' atc:font_colour='blue' atc:border='true'>Primary Scenario</atc:info_box>
				<atc:interruption atc:start='120' atc:end='147' atc:auto_handoff='true' atc:auto_accept='true' atc:show_blank_screen='true' />
			</atc:trial>

			<atc:trial atc:idx='test2' atc:param='default' atc:map="map1" atc:sky="script2" atc:ui="ui001" atc:notify_missed_acceptance='false' atc:notify_missed_handoff='false' atc:disable_callout_rotation='true'>
				<atc:timeEvent>300</atc:timeEvent>
                  <atc:info_box atc:x='0' atc:y='0' atc:font='Courier New' atc:font_size='50' atc:font_colour='blue' atc:border='true'>Primary Scenario</atc:info_box>
				<atc:interruption atc:start='142' atc:end='169' atc:auto_handoff='true' atc:auto_accept='true' atc:show_blank_screen='true' />
			</atc:trial>

			<atc:trial atc:idx='test3' atc:param='default' atc:map="map1" atc:sky="script3" atc:ui="ui001" atc:notify_missed_acceptance='false' atc:notify_missed_handoff='false' atc:disable_callout_rotation='true'>
				<atc:timeEvent>300</atc:timeEvent>
                  <atc:info_box atc:x='0' atc:y='0' atc:font='Courier New' atc:font_size='50' atc:font_colour='blue' atc:border='true'>Primary Scenario</atc:info_box>
				<atc:interruption atc:start='95' atc:end='122' atc:auto_handoff='true' atc:auto_accept='true' atc:show_blank_screen='true' />
			</atc:trial>	

			<atc:trial atc:idx='test4' atc:param='default' atc:map="map1" atc:sky="script4" atc:ui="ui001" atc:notify_missed_acceptance='false' atc:notify_missed_handoff='false' atc:disable_callout_rotation='true'>
				<atc:timeEvent>300</atc:timeEvent>
                  <atc:info_box atc:x='0' atc:y='0' atc:font='Courier New' atc:font_size='50' atc:font_colour='blue' atc:border='true'>Primary Scenario</atc:info_box>
				<atc:interruption atc:start='96' atc:end='123' atc:auto_handoff='true' atc:auto_accept='true' atc:show_blank_screen='true' />
			</atc:trial>			

			<atc:trial atc:idx='test5' atc:param='default' atc:map="map1" atc:sky="script5" atc:ui="ui001" atc:notify_missed_acceptance='false' atc:notify_missed_handoff='false' atc:disable_callout_rotation='true'>
				<atc:timeEvent>300</atc:timeEvent>
                  <atc:info_box atc:x='0' atc:y='0' atc:font='Courier New' atc:font_size='50' atc:font_colour='blue' atc:border='true'>Primary Scenario</atc:info_box>
				<atc:interruption atc:start='148' atc:end='175' atc:auto_handoff='true' atc:auto_accept='true' atc:show_blank_screen='true' />
			</atc:trial>

			<atc:trial atc:idx='test6' atc:param='default' atc:map="map1" atc:sky="script6" atc:ui="ui001" atc:notify_missed_acceptance='false' atc:notify_missed_handoff='false' atc:disable_callout_rotation='true'>
				<atc:timeEvent>300</atc:timeEvent>
                  <atc:info_box atc:x='0' atc:y='0' atc:font='Courier New' atc:font_size='50' atc:font_colour='blue' atc:border='true'>Primary Scenario</atc:info_box>
				<atc:interruption atc:start='96' atc:end='123' atc:auto_handoff='true' atc:auto_accept='true' atc:show_blank_screen='true' />
			</atc:trial>	

			<atc:trial atc:idx='test7' atc:param='default' atc:map="map1" atc:sky="script7" atc:ui="ui001" atc:notify_missed_acceptance='false' atc:notify_missed_handoff='false' atc:disable_callout_rotation='true'>
				<atc:timeEvent>300</atc:timeEvent>
                  <atc:info_box atc:x='0' atc:y='0' atc:font='Courier New' atc:font_size='50' atc:font_colour='blue' atc:border='true'>Primary Scenario</atc:info_box>
				<atc:interruption atc:start='123' atc:end='150' atc:auto_handoff='true' atc:auto_accept='true' atc:show_blank_screen='true' />
			</atc:trial>

			<atc:trial atc:idx='test8' atc:param='default' atc:map="map1" atc:sky="script8" atc:ui="ui001" atc:notify_missed_acceptance='false' atc:notify_missed_handoff='false' atc:disable_callout_rotation='true'>
				<atc:timeEvent>300</atc:timeEvent>
                  <atc:info_box atc:x='0' atc:y='0' atc:font='Courier New' atc:font_size='50' atc:font_colour='blue' atc:border='true'>Primary Scenario</atc:info_box>
				<atc:interruption atc:start='91' atc:end='118' atc:auto_handoff='true' atc:auto_accept='true' atc:show_blank_screen='true' />
			</atc:trial>		

			<atc:trial atc:idx='test9' atc:param='default' atc:map="map1" atc:sky="script9" atc:ui="ui001" atc:notify_missed_acceptance='false' atc:notify_missed_handoff='false' atc:disable_callout_rotation='true'>
				<atc:timeEvent>300</atc:timeEvent>
                  <atc:info_box atc:x='0' atc:y='0' atc:font='Courier New' atc:font_size='50' atc:font_colour='blue' atc:border='true'>Primary Scenario</atc:info_box>
				<atc:interruption atc:start='133' atc:end='160' atc:auto_handoff='true' atc:auto_accept='true' atc:show_blank_screen='true' />
			</atc:trial>

			<atc:trial atc:idx='test10' atc:param='default' atc:map="map1" atc:sky="script10" atc:ui="ui001" atc:notify_missed_acceptance='false' atc:notify_missed_handoff='false' atc:disable_callout_rotation='true'>
				<atc:timeEvent>300</atc:timeEvent>
                  <atc:info_box atc:x='0' atc:y='0' atc:font='Courier New' atc:font_size='50' atc:font_colour='blue' atc:border='true'>Primary Scenario</atc:info_box>
				<atc:interruption atc:start='123' atc:end='150' atc:auto_handoff='true' atc:auto_accept='true' atc:show_blank_screen='true' />
			</atc:trial>

			<atc:trial atc:idx='test11' atc:param='default' atc:map="map1" atc:sky="script11" atc:ui="ui001" atc:notify_missed_acceptance='false' atc:notify_missed_handoff='false' atc:disable_callout_rotation='true'>
				<atc:timeEvent>300</atc:timeEvent>
                  <atc:info_box atc:x='0' atc:y='0' atc:font='Courier New' atc:font_size='50' atc:font_colour='blue' atc:border='true'>Primary Scenario</atc:info_box>
				<atc:interruption atc:start='144' atc:end='171' atc:auto_handoff='true' atc:auto_accept='true' atc:show_blank_screen='true' />
			</atc:trial>

			<atc:trial atc:idx='test12' atc:param='default' atc:map="map1" atc:sky="script12" atc:ui="ui001" atc:notify_missed_acceptance='false' atc:notify_missed_handoff='false' atc:disable_callout_rotation='true'>
				<atc:timeEvent>300</atc:timeEvent>
                  <atc:info_box atc:x='0' atc:y='0' atc:font='Courier New' atc:font_size='50' atc:font_colour='blue' atc:border='true'>Primary Scenario</atc:info_box>
				<atc:interruption atc:start='120' atc:end='147' atc:auto_handoff='true' atc:auto_accept='true' atc:show_blank_screen='true' />
			</atc:trial>

			<atc:trial atc:idx='test13' atc:param='default' atc:map="map1" atc:sky="script13" atc:ui="ui001" atc:notify_missed_acceptance='false' atc:notify_missed_handoff='false' atc:disable_callout_rotation='true'>
				<atc:timeEvent>300</atc:timeEvent>
                  <atc:info_box atc:x='0' atc:y='0' atc:font='Courier New' atc:font_size='50' atc:font_colour='blue' atc:border='true'>Primary Scenario</atc:info_box>
				<atc:interruption atc:start='106' atc:end='133' atc:auto_handoff='true' atc:auto_accept='true' atc:show_blank_screen='true' />			
			</atc:trial>

			<atc:trial atc:idx='test14' atc:param='default' atc:map="map1" atc:sky="script14" atc:ui="ui001" atc:notify_missed_acceptance='false' atc:notify_missed_handoff='false' atc:disable_callout_rotation='true'>
				<atc:timeEvent>300</atc:timeEvent>
                  <atc:info_box atc:x='0' atc:y='0' atc:font='Courier New' atc:font_size='50' atc:font_colour='blue' atc:border='true'>Primary Scenario</atc:info_box>
				<atc:interruption atc:start='111' atc:end='138' atc:auto_handoff='true' atc:auto_accept='true' atc:show_blank_screen='true' />
			</atc:trial>

			<atc:trial atc:idx='test15' atc:param='default' atc:map="map1" atc:sky="script15" atc:ui="ui001" atc:notify_missed_acceptance='false' atc:notify_missed_handoff='false' atc:disable_callout_rotation='true'>
				<atc:timeEvent>300</atc:timeEvent>
                  <atc:info_box atc:x='0' atc:y='0' atc:font='Courier New' atc:font_size='50' atc:font_colour='blue' atc:border='true'>Primary Scenario</atc:info_box>
				<atc:interruption atc:start='144' atc:end='171' atc:auto_handoff='true' atc:auto_accept='true' atc:show_blank_screen='true' />
			</atc:trial>


