<?xml version="1.1" encoding="UTF-8" standalone="no" ?>

<!--
  @file     : Experiment 1.xml
  @project  : ATC Lab
  @author   : loft
  @version  : $Name:  $

  @copyright  : 2004 ARC Key Center for 
                Human Factors & Applied Cognitive Psychology

  $Id: Altitude\040Change\040Time\040Restriction\040Example\040-\040v2.4.5.5.xml,v 1.1.2.1 2014/12/02 12:04:54 Aaron Yeung Exp $
-->

<atc:experiment 
  xmlns:atc="http://www.humanfactors.uq.edu.au/atc/2006/atc-ns" 
  atc:idx="Experiment1" 
  xmlns:xsi="http://www.w3.org/2001/XMLSchema-instance" 
  xsi:schemaLocation="http://www.humanfactors.uq.edu.au/atc/2006/atc-ns atc_experiment.xsd">

	<!-- ===================================================================== -->
	<!-- =============================== Configuration ======================= -->
	<!-- ===================================================================== -->

	<atc:config>

		<!-- Units -->
		<atc:units>
			<atc:input>NM-FT</atc:input>
		</atc:units>


		<!-- Aircraft -->
		<atc:aircraftParam atc:idx="B737">
			<atc:speed>420</atc:speed>
			<atc:level>370</atc:level>
			<atc:RoC atc:maxLevel="250">2000</atc:RoC>
			<atc:RoC atc:minLevel="250">1000</atc:RoC>
		</atc:aircraftParam>

		<atc:aircraftParam atc:idx="B727">
			<atc:speed>450</atc:speed>
			<atc:level>370</atc:level>
			<atc:RoC atc:maxLevel="250">2000</atc:RoC>
			<atc:RoC atc:minLevel="250">1000</atc:RoC>
		</atc:aircraftParam>

		<atc:aircraftParam atc:idx="B767">
			<atc:speed>450</atc:speed>
			<atc:level>470</atc:level>
			<atc:RoC atc:maxLevel="250">1500</atc:RoC>
			<atc:RoC atc:minLevel="250">500</atc:RoC>
		</atc:aircraftParam>

		<atc:aircraftParam atc:idx="B764">
			<atc:speed>450</atc:speed>
			<atc:level>470</atc:level>
			<atc:RoC atc:maxLevel="250">1500</atc:RoC>
			<atc:RoC atc:minLevel="250">500</atc:RoC>
		</atc:aircraftParam>

		<atc:aircraftParam atc:idx="B747">
			<atc:speed>480</atc:speed>
			<atc:level>430</atc:level>
			<atc:RoC atc:maxLevel="250">2000</atc:RoC>
			<atc:RoC atc:minLevel="250">1000</atc:RoC>
		</atc:aircraftParam>

		<atc:aircraftParam atc:idx="B717">
			<atc:speed>440</atc:speed>
			<atc:level>370</atc:level>
			<atc:RoC atc:maxLevel="250">2000</atc:RoC>
			<atc:RoC atc:minLevel="250">1000</atc:RoC>
		</atc:aircraftParam>

		<atc:aircraftParam atc:idx="A300">
			<atc:speed>490</atc:speed>
			<atc:level>430</atc:level>
			<atc:RoC atc:maxLevel="250">2000</atc:RoC>
			<atc:RoC atc:minLevel="250">1000</atc:RoC>
		</atc:aircraftParam>

		<atc:aircraftParam atc:idx="A320">
			<atc:speed>450</atc:speed>
			<atc:level>390</atc:level>
			<atc:RoC atc:maxLevel="250">2000</atc:RoC>
			<atc:RoC atc:minLevel="250">1000</atc:RoC>
		</atc:aircraftParam>

		<atc:aircraftParam atc:idx="A330">
			<atc:speed>470</atc:speed>
			<atc:level>430</atc:level>
			<atc:RoC atc:maxLevel="250">2000</atc:RoC>
			<atc:RoC atc:minLevel="250">1000</atc:RoC>
		</atc:aircraftParam>

		<atc:aircraftParam atc:idx="B762">
			<atc:speed>210</atc:speed>
			<atc:level>250</atc:level>
			<atc:RoC atc:maxLevel="250">2000</atc:RoC>
			<atc:RoC atc:minLevel="250">1000</atc:RoC>
		</atc:aircraftParam>

		<atc:aircraftParam atc:idx="B744">	
			<atc:speed>205</atc:speed>
			<atc:level>240</atc:level>
			<atc:RoC atc:maxLevel="250">1500</atc:RoC>
			<atc:RoC atc:minLevel="250">1000</atc:RoC>
		</atc:aircraftParam>

		<!-- Instruction -->
		<atc:instruction atc:idx="Rest">
			<atc:text>
				<![CDATA[<qt>
          <center>
            <table width="60%" bgcolor="darkCyan" border="0" cellspacing="0" cellpadding="50">
            <tr><td align="left"><font face="verdana" size="1">
              <p align="center"><font size="+1">Please wait for the next trial to start.</font></p>
            </font></td></tr>
            </table>
          </center>
        </qt>]]>
			</atc:text>
			<atc:timeEvent>1</atc:timeEvent>
			<atc:showCountdown>true</atc:showCountdown>
		</atc:instruction>

		<atc:instruction atc:idx="Rest1">
			<atc:text>
				<![CDATA[<qt>
          <center>
            <table width="60%" bgcolor="darkCyan" border="0" cellspacing="0" cellpadding="50">
            <tr><td align="left"><font face="verdana" size="1">
              <p align="center"><font size="+1">Please wait for the next trial to start.</font></p>
            </font></td></tr>
            </table>
          </center>
        </qt>]]>
			</atc:text>
			<atc:timeEvent>1</atc:timeEvent>
			<atc:showCountdown>true</atc:showCountdown>
		</atc:instruction>


		<atc:instruction atc:idx="Start">
			<atc:text>
				<![CDATA[<qt>
          <center>
            <table width="60%" bgcolor="darkCyan" border="0" cellspacing="0" cellpadding="50">
            <tr><td align="left"><font face="verdana" size="1">
              <p align="center"><font size="+1">Please wait for further instructions.</font></p>
            </font></td></tr>
            </table>
          </center>
        </qt>]]>
			</atc:text>
			<atc:keyEvent>n</atc:keyEvent>
		</atc:instruction>


		<atc:instruction atc:idx="End">
			<atc:text>
				<![CDATA[<qt>
          <center>
            <table width="60%" bgcolor="darkCyan" border="0" cellspacing="0" cellpadding="50">
            <tr><td align="left"><font face="verdana" size="1">
              <p align="center"><font size="+1">This is the end of the experiment. Thank you for participating.</font></p>
              <p align="center"><font color="red"><b>Press the [SPACE] key to continue<b></font></p>
            </font></td></tr>
            </table>
          </center>
        </qt>]]>
			</atc:text>
			<atc:keyEvent>Space</atc:keyEvent>
		</atc:instruction>

		<atc:instruction atc:idx="Control">
			<atc:text>
				<![CDATA[<qt>
          <center>
            <table width="60%" bgcolor="darkCyan" border="0" cellspacing="0" cellpadding="50">
            <tr><td align="left"><font face="verdana" size="1">
              <p align="center"><font size="+1">Please wait for further instructions before continuing. </font></p>
              <p align="center"><font color="red"><b>Please wait for further instructions<b></font></p>
            </font></td></tr>
            </table>
          </center>
        </qt>]]>
			</atc:text>
			<atc:keyEvent>Space</atc:keyEvent>
		</atc:instruction>

		<atc:instruction atc:idx="Motivation1">
			<atc:text>
				<![CDATA[<qt>
          <center>
            <table width="60%" bgcolor="darkCyan" border="0" cellspacing="0" cellpadding="50">
            <tr><td align="left"><font face="verdana" size="3"> How anxious were you during the last test trial? 
Please enter a number between 0 (Not at all) and 10 (Extremely). 
              <p align="center"><font size="+1"></font></p>
            </font></td></tr>
            </table>
          </center>
        </qt>]]>
			</atc:text>
			<atc:buttonEvent>ok</atc:buttonEvent>
			<atc:textBox>text</atc:textBox>
		</atc:instruction>

		<atc:instruction atc:idx="Workload1">
			<atc:text>
				<![CDATA[<qt>
          <center>
            <table width="60%" bgcolor="darkCyan" border="0" cellspacing="0" cellpadding="50">
            <tr><td align="left"><font face="verdana" size="3"> How hard were you working during the last test trial? 
Please enter a number between 0 (Not at all) and 10 (Extremely). 
              <p align="center"><font size="+1"></font></p>
            </font></td></tr>
            </table>
          </center>
        </qt>]]>
			</atc:text>
			<atc:buttonEvent>ok</atc:buttonEvent>
			<atc:textBox>text</atc:textBox>
		</atc:instruction>



		<!-- =============================================================================== -->
		<!-- ============================== VARIABLES & SETTINGS =========================== -->
		<!-- =============================================================================== -->

	</atc:config>

	<atc:data>



		<atc:param atc:idx='default'>
			<atc:sectorEntryDistance>5</atc:sectorEntryDistance>
			<atc:sectorExitDistance>1</atc:sectorExitDistance>
			<atc:update_rate>1000</atc:update_rate>
			<atc:update_multiplier>1</atc:update_multiplier>
			<atc:horizontal_doms>5</atc:horizontal_doms>
			<atc:vertical_doms>0</atc:vertical_doms>
		</atc:param>

		<atc:map atc:idx='map1'>
			<!--
      <atc:region atc:x='0' atc:y='0' atc:x_dim='100' atc:y_dim='75' />
      -->
			<atc:region atc:x='0' atc:y='0' atc:x_dim='70' atc:y_dim='52.5' />

			<atc:location atc:idx="one"       atc:visible="on" atc:x='16.9014' atc:y='52.5'    />
			<atc:location atc:idx="two"       atc:visible="off" atc:x='6.7561'  atc:y='52.5'    />
			<atc:location atc:idx="three"     atc:visible="off" atc:x='67.2757' atc:y='52.5'    />
			<atc:location atc:idx="four"      atc:visible="off" atc:x='53.3153' atc:y='52.5'    />
			<atc:location atc:idx="five"      atc:visible="off" atc:x='70'      atc:y='35.8901' />
			<atc:location atc:idx="six"       atc:visible="off" atc:x='70'      atc:y='18.8871' />
			<atc:location atc:idx="seven"     atc:visible="off" atc:x='41.7534' atc:y='0'       />
			<atc:location atc:idx="eight"     atc:visible="off" atc:x='50.6008' atc:y='0'       />
			<atc:location atc:idx="nine"      atc:visible="off" atc:x='14.3025' atc:y='0'       />
			<atc:location atc:idx="ten"       atc:visible="off" atc:x='23.7115' atc:y='0'       />
			<atc:location atc:idx="eleven"    atc:visible="off" atc:x='0'       atc:y='17.5695' />
			<atc:location atc:idx="twelve"    atc:visible="off" atc:x='0'       atc:y='34.5725' />
			<atc:location atc:idx="thirteen"  atc:visible="off" atc:x='24.9686' atc:y='35.0425' />
			<atc:location atc:idx="fourteen"  atc:visible="off" atc:x='43.0438' atc:y='35.3827' />
			<atc:location atc:idx="fifteen"   atc:visible="off" atc:x='41.7759' atc:y='18.3559' />
			<atc:location atc:idx="sixteen"   atc:visible="off" atc:x='23.7007' atc:y='18.0156' />
			<atc:location atc:idx="seventeen" atc:visible="off" atc:x='51.1627' atc:y='43.7893' />
			<atc:location atc:idx="eighteen"  atc:visible="off" atc:x='50.5087' atc:y='35.5232' />
			<atc:location atc:idx="nineteen"  atc:visible="off" atc:x='14.3025' atc:y='34.8417' />
			<atc:location atc:idx="twenty"    atc:visible="off" atc:x='10.7531' atc:y='42.8946' />

			<atc:route atc:idx="routeA">     
				<atc:pointref atc:location="five"/>
				<atc:pointref atc:location="twelve"/>
			</atc:route>

			<atc:route atc:idx="routeB">     
				<atc:pointref atc:location="eleven"/>
				<atc:pointref atc:location="six"/>
			</atc:route>

			<atc:route atc:idx="routeC">     
				<atc:pointref atc:location="eight"/>    
				<atc:pointref atc:location="eighteen"/>
				<atc:pointref atc:location="three"/>
			</atc:route>

			<atc:route atc:idx="routeD">     
				<atc:pointref atc:location="two"/>
				<atc:pointref atc:location="twenty"/>
				<atc:pointref atc:location="nineteen"/>
				<atc:pointref atc:location="nine"/>
			</atc:route>

			<atc:route atc:idx="routeE">     
				<atc:pointref atc:location="seven"/>
				<atc:pointref atc:location="fifteen"/>
				<atc:pointref atc:location="thirteen"/>
				<atc:pointref atc:location="one"/>
			</atc:route>

			<atc:route atc:idx="routeF">     
				<atc:pointref atc:location="four"/>
				<atc:pointref atc:location="seventeen"/>
				<atc:pointref atc:location="fourteen"/>
				<atc:pointref atc:location="sixteen"/>
				<atc:pointref atc:location="ten"/>
			</atc:route>

			<atc:route atc:idx="routeG">     
				<atc:pointref atc:location="two"/>
				<atc:pointref atc:location="twenty"/>
				<atc:pointref atc:location="nineteen"/>
				<atc:pointref atc:location="twelve"/>
			</atc:route>


			<atc:sector atc:idx="lofty" atc:status="active">
				<atc:vertex atc:x='10.7531' atc:y='42.8946' />
				<atc:vertex atc:x='51.1627' atc:y='43.7893' />
				<atc:vertex atc:x='59.3639' atc:y='33.5005' />
				<atc:vertex atc:x='58.6183' atc:y='10.8354' />
				<atc:vertex atc:x='48.7769' atc:y='8.0022'  />
				<atc:vertex atc:x='13.2881' atc:y='10.8354' />
			</atc:sector>
		</atc:map>


		<!-- ===================================================================== -->
		<!-- =========================== SCRIPTS ================================= -->
		<!-- ===================================================================== -->





		<!-- ================================= -->
		<!-- =============== 3 =============== -->
		<!-- ===========INT TIME 95s========= -->
		<!-- ================================= -->
		<atc:sky atc:idx='script3'> 


			<!-- ==============RT================= -->
			<!-- ================================= -->
			<atc:aircraft atc:idx="RT1" atc:type="B737">
				<atc:start>15</atc:start>
				<atc:altitude>40000</atc:altitude>
				<atc:velocity>420</atc:velocity>
				<atc:flightpath>
					<atc:point atc:x='70'      	atc:y='35.8901' />
					<atc:point atc:x='0'       	atc:y='34.5725' />
				</atc:flightpath>
				<atc:acceptedStateFlashParams>
					<atc:flashItem>fl</atc:flashItem>
					<atc:colour>red</atc:colour>
				</atc:acceptedStateFlashParams>
				<atc:conflictDetails>
					<atc:trial>trial1</atc:trial>
					<atc:acceptanceTime>20</atc:acceptanceTime>
					<atc:conflictTime>142</atc:conflictTime>
					<atc:conflictAircraft>RT2</atc:conflictAircraft>
				</atc:conflictDetails>
			</atc:aircraft>

			<atc:aircraft atc:idx="RT2" atc:type="A330">
				<atc:start>0</atc:start>
				<atc:altitude>43000</atc:altitude>
				<atc:velocity>450</atc:velocity>
				<atc:flightpath>
					<atc:point atc:x='50.5461' 	atc:y='16.2395' 	/>
					<atc:point atc:x='50.5461' 	atc:y='22.375'>
						<atc:altitude>40000</atc:altitude>
						<atc:ascent>2000</atc:ascent>
					</atc:point>
					<atc:point atc:x='50.5087' 	atc:y='35.5232'	/>
					<atc:point atc:x='67.2757' 	atc:y='52.5'	/>
				</atc:flightpath>
				<atc:acceptedStateFlashParams>
					<atc:flashItem>none</atc:flashItem>
					<atc:colour>blue</atc:colour>
				</atc:acceptedStateFlashParams>
				<atc:conflictDetails>
					<atc:trial>trial1</atc:trial>
					<atc:acceptanceTime>20</atc:acceptanceTime>
					<atc:conflictTime>142</atc:conflictTime>
					<atc:conflictAircraft>RT1</atc:conflictAircraft>
				</atc:conflictDetails>
			</atc:aircraft>


			<!-- ==============PM================= -->
			<!-- ================================= -->

			<atc:aircraft atc:idx="PM3" atc:type="B744">
				<atc:start>0</atc:start>
				<atc:altitude>42000</atc:altitude>
				<atc:velocity>480</atc:velocity>
				<atc:flightpath>
					<atc:point atc:x='35.9226' 	atc:y='24.1677'	/>
					<atc:point atc:x='24.9686' 	atc:y='35.0425'	/>
					<atc:point atc:x='16.9014' 	atc:y='52.5'	/>
				</atc:flightpath>
				<atc:acceptedStateFlashParams>
					<atc:flashItem>none</atc:flashItem>
					<atc:colour>blue</atc:colour>
				</atc:acceptedStateFlashParams>
				<atc:coordinationRequest atc:key='9'>
					<atc:show>true</atc:show>
				</atc:coordinationRequest>
			</atc:aircraft>



			<!-- ==============Normal============= -->
			<!-- ================================= -->

			<atc:aircraft atc:idx="C10" atc:type="B737">
				<atc:start>0</atc:start>
				<atc:altitude>34000</atc:altitude>
				<atc:velocity>460</atc:velocity>
				<atc:flightpath>
					<atc:point atc:x='27' 	atc:y='20.9781'	/>
					<atc:point atc:x='23.7007' 	atc:y='18.0156'	/>
					<atc:point atc:x='23.7115' 	atc:y='0'	/>
				</atc:flightpath>
				<atc:acceptedStateFlashParams>
					<atc:flashItem>none</atc:flashItem>
					<atc:colour>blue</atc:colour>
				</atc:acceptedStateFlashParams>
			</atc:aircraft>



			<atc:aircraft atc:idx="C89" atc:type="B744">
				<atc:start>0</atc:start>
				<atc:altitude>31000</atc:altitude>
				<atc:velocity>470</atc:velocity>
				<atc:flightpath>
					<atc:point atc:x='23.7019' 	atc:y='13.9496'	/>
					<atc:point atc:x='23.7115' 	atc:y='0'		/>
				</atc:flightpath>
			</atc:aircraft>


			<atc:aircraft atc:idx="C78" atc:type="B767">
				<atc:start>0</atc:start>
				<atc:altitude>40000</atc:altitude>
				<atc:velocity>460</atc:velocity>
				<atc:flightpath>
					<atc:point atc:x='39.1948'    atc:y='35.2197' />
					<atc:point atc:x='0'       	atc:y='34.5725' />
				</atc:flightpath>
				<atc:acceptedStateFlashParams>
					<atc:flashItem>none</atc:flashItem>
					<atc:colour>blue</atc:colour>
				</atc:acceptedStateFlashParams>
				<atc:conflictDetails>
					<atc:trial>trial1</atc:trial>
					<atc:acceptanceTime>75</atc:acceptanceTime>
					<atc:conflictTime>170</atc:conflictTime>
					<atc:conflictAircraft>C88</atc:conflictAircraft>
				</atc:conflictDetails>
			</atc:aircraft>

			<atc:aircraft atc:idx="C46" atc:type="B737">
				<atc:start>0</atc:start>
				<atc:altitude>33000</atc:altitude>
				<atc:velocity>460</atc:velocity>
				<atc:flightpath>
					<atc:point atc:x='50.5111' 	atc:y='34.4862' 	/>
					<atc:point atc:x='50.5087' 	atc:y='35.5232'	/>
					<atc:point atc:x='67.2757' 	atc:y='52.5'	/>
				</atc:flightpath>
				<atc:acceptedStateFlashParams>
					<atc:flashItem>none</atc:flashItem>
					<atc:colour>blue</atc:colour>
				</atc:acceptedStateFlashParams>
			</atc:aircraft>



			<atc:aircraft atc:idx="C91" atc:type="B747">
				<atc:start>0</atc:start>
				<atc:altitude>30000</atc:altitude>
				<atc:velocity>450</atc:velocity>
				<atc:flightpath>
					<atc:point atc:x='31.5470'    atc:y='18.2012' />
					<atc:point atc:x='70'      	atc:y='18.8871' />
				</atc:flightpath>
				<atc:acceptedStateFlashParams>
					<atc:flashItem>none</atc:flashItem>
					<atc:colour>blue</atc:colour>
				</atc:acceptedStateFlashParams>
				<atc:conflictDetails>
					<atc:trial>trial1</atc:trial>
					<atc:acceptanceTime>0</atc:acceptanceTime>
					<atc:conflictTime>49</atc:conflictTime>
					<atc:conflictAircraft>C93</atc:conflictAircraft>
				</atc:conflictDetails>
			</atc:aircraft>



			<atc:aircraft atc:idx="C93" atc:type="A320">
				<atc:start>0</atc:start>
				<atc:altitude>30000</atc:altitude>
				<atc:velocity>440</atc:velocity>
				<atc:flightpath>
					<atc:point atc:x='41.7534'    atc:y='9.5' />
					<atc:point atc:x='41.7259'    atc:y='18.3359' />
					<atc:point atc:x='24.9686'    atc:y='35.0425' />
					<atc:point atc:x='16.9014'    atc:y='52.5' />
				</atc:flightpath>
				<atc:acceptedStateFlashParams>
					<atc:flashItem>none</atc:flashItem>
					<atc:colour>blue</atc:colour>
				</atc:acceptedStateFlashParams>
				<atc:conflictDetails>
					<atc:trial>trial1</atc:trial>
					<atc:acceptanceTime>0</atc:acceptanceTime>
					<atc:conflictTime>49</atc:conflictTime>
					<atc:conflictAircraft>C91</atc:conflictAircraft>
				</atc:conflictDetails>
			</atc:aircraft>




			<atc:aircraft atc:idx="C40" atc:type="B747">
				<atc:start>0</atc:start>
				<atc:altitude>40000</atc:altitude>
				<atc:velocity>490</atc:velocity>
				<atc:flightpath>
					<atc:point atc:x='24.9686'    atc:y='35.0425'>
						<atc:altitude>38000</atc:altitude>
						<atc:ascent>2000</atc:ascent>
					</atc:point>
					<atc:point atc:x='16.9014'    atc:y='52.5' />
				</atc:flightpath>
				<atc:acceptedStateFlashParams>
					<atc:flashItem>none</atc:flashItem>
					<atc:colour>blue</atc:colour>
				</atc:acceptedStateFlashParams>
			</atc:aircraft>

			<atc:aircraft atc:idx="C73" atc:type="B744">
				<atc:start>0</atc:start>
				<atc:altitude>36000</atc:altitude>
				<atc:velocity>470</atc:velocity>
				<atc:flightpath>
					<atc:point atc:x='14.3036' 	atc:y='27.0000'	/>
					<atc:point atc:x='14.3025' 	atc:y='0'	/>
				</atc:flightpath>
				<atc:acceptedStateFlashParams>
					<atc:flashItem>none</atc:flashItem>
					<atc:colour>blue</atc:colour>
				</atc:acceptedStateFlashParams>
				<atc:conflictDetails>
					<atc:trial>trial1</atc:trial>
					<atc:acceptanceTime>80</atc:acceptanceTime>
					<atc:conflictTime>242</atc:conflictTime>
					<atc:conflictAircraft>C11</atc:conflictAircraft>
				</atc:conflictDetails>
			</atc:aircraft>

			<atc:aircraft atc:idx="C81" atc:type="B747">
				<atc:start>0</atc:start>
				<atc:altitude>40000</atc:altitude>
				<atc:velocity>460</atc:velocity>
				<atc:flightpath>
					<atc:point atc:x='14.3036' 	atc:y='35.0000'	/>
					<atc:point atc:x='14.3025' 	atc:y='0'	/>
				</atc:flightpath>
				<atc:acceptedStateFlashParams>
					<atc:flashItem>none</atc:flashItem>
					<atc:colour>blue</atc:colour>
				</atc:acceptedStateFlashParams>
			</atc:aircraft>

			<atc:aircraft atc:idx="C50" atc:type="B717">
				<atc:start>0</atc:start>
				<atc:altitude>35000</atc:altitude>
				<atc:velocity>430</atc:velocity>
				<atc:flightpath>
					<atc:point atc:x='8.6545'     atc:y='47.9411' 	/>
					<atc:point atc:x='10.7531' 	atc:y='42.8946'	/>
					<atc:point atc:x='14.3025' 	atc:y='34.8417'	/>
					<atc:point atc:x='14.3025' 	atc:y='0'		/>
				</atc:flightpath>
				<atc:acceptedStateFlashParams>
					<atc:flashItem>fl</atc:flashItem>
					<atc:colour>red</atc:colour>
				</atc:acceptedStateFlashParams>
			</atc:aircraft>

			<atc:aircraft atc:idx="C88" atc:type="B767">
				<atc:start>30</atc:start>
				<atc:altitude>40000</atc:altitude>
				<atc:velocity>420</atc:velocity>
				<atc:flightpath>
					<atc:point atc:x='6.7561'  	atc:y='52.5' 	/>
					<atc:point atc:x='10.7531' 	atc:y='42.8946'	/>
					<atc:point atc:x='14.3025' 	atc:y='34.8417'	/>
					<atc:point atc:x='14.3025' 	atc:y='0'	/>
				</atc:flightpath>
				<atc:acceptedStateFlashParams>
					<atc:flashItem>fl</atc:flashItem>
					<atc:colour>red</atc:colour>
				</atc:acceptedStateFlashParams>
				<atc:conflictDetails>
					<atc:trial>trial1</atc:trial>
					<atc:acceptanceTime>75</atc:acceptanceTime>
					<atc:conflictTime>170</atc:conflictTime>
					<atc:conflictAircraft>C78</atc:conflictAircraft>
				</atc:conflictDetails>
			</atc:aircraft>

			<atc:aircraft atc:idx="C42" atc:type="B744">
				<atc:start>0</atc:start>
				<atc:altitude>38000</atc:altitude>
				<atc:velocity>470</atc:velocity>
				<atc:flightpath>
					<atc:point atc:x='3.4667'     atc:y='17.6356' />
					<atc:point atc:x='70'      	atc:y='18.8871' />
				</atc:flightpath>
				<atc:acceptedStateFlashParams>
					<atc:flashItem>fl</atc:flashItem>
					<atc:colour>red</atc:colour>
				</atc:acceptedStateFlashParams>
				<atc:conflictDetails>
					<atc:trial>trial1</atc:trial>
					<atc:acceptanceTime>154</atc:acceptanceTime>
					<atc:conflictTime>259</atc:conflictTime>
					<atc:conflictAircraft>C96</atc:conflictAircraft>
				</atc:conflictDetails>
			</atc:aircraft>

			<atc:aircraft atc:idx="C11" atc:type="A320">
				<atc:start>15</atc:start>
				<atc:altitude>39000</atc:altitude>
				<atc:velocity>440</atc:velocity>
				<atc:flightpath>
					<atc:point atc:x='50.6008' 	atc:y='0' 	/>
					<atc:point atc:x='50.5087' 	atc:y='35.5232'	/>
					<atc:point atc:x='67.2757' 	atc:y='52.5'	/>
				</atc:flightpath>
				<atc:acceptedStateFlashParams>
					<atc:flashItem>fl</atc:flashItem>
					<atc:colour>red</atc:colour>
				</atc:acceptedStateFlashParams>
				<atc:conflictDetails>
					<atc:trial>test2</atc:trial>
					<atc:acceptanceTime>80</atc:acceptanceTime>
					<atc:conflictTime>242</atc:conflictTime>
					<atc:conflictAircraft>C73</atc:conflictAircraft>
				</atc:conflictDetails>
			</atc:aircraft>



			<atc:aircraft atc:idx="C25" atc:type="A330">
				<atc:start>90</atc:start>
				<atc:altitude>32000</atc:altitude>
				<atc:velocity>430</atc:velocity>
				<atc:flightpath>
					<atc:point atc:x='50.6008' 	atc:y='0' 	/>
					<atc:point atc:x='50.5087' 	atc:y='35.5232'	/>
					<atc:point atc:x='67.2757' 	atc:y='52.5'	/>
				</atc:flightpath>
				<atc:acceptedStateFlashParams>
					<atc:flashItem>fl</atc:flashItem>
					<atc:colour>red</atc:colour>
				</atc:acceptedStateFlashParams>
			</atc:aircraft>

			<atc:aircraft atc:idx="C39" atc:type="B744">
				<atc:start>114</atc:start>
				<atc:altitude>37000</atc:altitude>
				<atc:velocity>470</atc:velocity>
				<atc:flightpath>
					<atc:point atc:x='0'    atc:y='17.5695' />
					<atc:point atc:x='70'    atc:y='18.8871' />
				</atc:flightpath>
				<atc:acceptedStateFlashParams>
					<atc:flashItem>fl</atc:flashItem>
					<atc:colour>red</atc:colour>
				</atc:acceptedStateFlashParams>
			</atc:aircraft>

			<atc:aircraft atc:idx="C70" atc:type="B737">
				<atc:start>110</atc:start>
				<atc:altitude>35000</atc:altitude>
				<atc:velocity>500</atc:velocity>
				<atc:flightpath>
					<atc:point atc:x='53.3153' 	atc:y='52.5'	/>
					<atc:point atc:x='51.1627' 	atc:y='43.7893'	/>
					<atc:point atc:x='43.0438' 	atc:y='35.3827'	/>
					<atc:point atc:x='23.7007' 	atc:y='18.0156'	/>
					<atc:point atc:x='23.7115' 	atc:y='0'	/>
				</atc:flightpath>
				<atc:acceptedStateFlashParams>
					<atc:flashItem>fl</atc:flashItem>
					<atc:colour>red</atc:colour>
				</atc:acceptedStateFlashParams>
				<atc:coordinationRequest atc:key='9'>
					<atc:show>true</atc:show>
				</atc:coordinationRequest>
			</atc:aircraft>

			<atc:aircraft atc:idx="C96" atc:type="B762">
				<atc:start>120</atc:start>
				<atc:altitude>38000</atc:altitude>
				<atc:velocity>420</atc:velocity>
				<atc:flightpath>
					<atc:point atc:x='41.7534' 	atc:y='0'	/>
					<atc:point atc:x='41.7759' 	atc:y='18.3559'	/>
					<atc:point atc:x='24.9686' 	atc:y='35.0425'	/>
					<atc:point atc:x='16.9014' 	atc:y='52.5'	/>
				</atc:flightpath>
				<atc:acceptedStateFlashParams>
					<atc:flashItem>fl</atc:flashItem>
					<atc:colour>red</atc:colour>
				</atc:acceptedStateFlashParams>
				<atc:conflictDetails>
					<atc:trial>trial1</atc:trial>
					<atc:acceptanceTime>154</atc:acceptanceTime>
					<atc:conflictTime>159</atc:conflictTime>
					<atc:conflictAircraft>C42</atc:conflictAircraft>
				</atc:conflictDetails>
			</atc:aircraft>

			<atc:aircraft atc:idx="C36" atc:type="B767">
				<atc:start>175</atc:start>
				<atc:altitude>46000</atc:altitude>
				<atc:velocity>420</atc:velocity>
				<atc:flightpath>
					<atc:point atc:x='41.7534' 	atc:y='0'	/>
					<atc:point atc:x='41.7759' 	atc:y='18.3559'	/>
					<atc:point atc:x='24.9686' 	atc:y='35.0425'	/>
					<atc:point atc:x='16.9014' 	atc:y='52.5'	/>
				</atc:flightpath>
				<atc:acceptedStateFlashParams>
					<atc:flashItem>si</atc:flashItem>
					<atc:colour>blue</atc:colour>
				</atc:acceptedStateFlashParams>
			</atc:aircraft>

			<atc:aircraft atc:idx="C67" atc:type="B717">
				<atc:start>210</atc:start>
				<atc:altitude>36000</atc:altitude>
				<atc:velocity>410</atc:velocity>
				<atc:flightpath>
					<atc:point atc:x='70'      	atc:y='35.8901' />
					<atc:point atc:x='0'       	atc:y='34.5725' />
				</atc:flightpath>
				<atc:acceptedStateFlashParams>
					<atc:flashItem>fl</atc:flashItem>
					<atc:colour>red</atc:colour>
				</atc:acceptedStateFlashParams>
			</atc:aircraft>


			<atc:aircraft atc:idx="C61" atc:type="B767">
				<atc:start>175</atc:start>
				<atc:altitude>46000</atc:altitude>
				<atc:velocity>410</atc:velocity>
				<atc:flightpath>
					<atc:point atc:x='6.7561'  	atc:y='52.5' 	/>
					<atc:point atc:x='10.7531' 	atc:y='42.8946'	/>
					<atc:point atc:x='14.3025' 	atc:y='34.8417'	/>
					<atc:point atc:x='14.3025' 	atc:y='0'	/>
				</atc:flightpath>
				<atc:acceptedStateFlashParams>
					<atc:flashItem>fl</atc:flashItem>
					<atc:colour>red</atc:colour>
				</atc:acceptedStateFlashParams>
			</atc:aircraft>

			<atc:aircraft atc:idx="C79" atc:type="B744">
				<atc:start>210</atc:start>
				<atc:altitude>33000</atc:altitude>
				<atc:velocity>530</atc:velocity>
				<atc:flightpath>
					<atc:point atc:x='50.6008' 	atc:y='0' 	/>
					<atc:point atc:x='50.5087' 	atc:y='35.5232'	/>
					<atc:point atc:x='67.2757' 	atc:y='52.5'	/>
				</atc:flightpath>
				<atc:acceptedStateFlashParams>
					<atc:flashItem>fl</atc:flashItem>
					<atc:colour>red</atc:colour>
				</atc:acceptedStateFlashParams>
				<atc:coordinationRequest atc:key='9'>
					<atc:show>true</atc:show>
				</atc:coordinationRequest>
			</atc:aircraft>

			<atc:aircraft atc:idx="C4" atc:type="A330">
				<atc:start>220</atc:start>
				<atc:altitude>37000</atc:altitude>
				<atc:velocity>460</atc:velocity>
				<atc:flightpath>
					<atc:point atc:x='53.3153' 	atc:y='52.5'	/>
					<atc:point atc:x='51.1627' 	atc:y='43.7893'	/>
					<atc:point atc:x='43.0438' 	atc:y='35.3827'	/>
					<atc:point atc:x='23.7007' 	atc:y='18.0156'	/>
					<atc:point atc:x='23.7115' 	atc:y='0'	/>
				</atc:flightpath>
				<atc:acceptedStateFlashParams>
					<atc:flashItem>fl</atc:flashItem>
					<atc:colour>red</atc:colour>
				</atc:acceptedStateFlashParams>
			</atc:aircraft>

			<atc:aircraft atc:idx="C65" atc:type="B737">
				<atc:start>225</atc:start>
				<atc:altitude>33000</atc:altitude>
				<atc:velocity>410</atc:velocity>
				<atc:flightpath>
					<atc:point atc:x='6.7561'  	atc:y='52.5' 	/>
					<atc:point atc:x='10.7531' 	atc:y='42.8946'	/>
					<atc:point atc:x='14.3025' 	atc:y='34.8417'	/>
					<atc:point atc:x='14.3025' 	atc:y='0'	/>
				</atc:flightpath>
				<atc:acceptedStateFlashParams>
					<atc:flashItem>fl</atc:flashItem>
					<atc:colour>red</atc:colour>
				</atc:acceptedStateFlashParams>
			</atc:aircraft>








			<atc:reminderBox atc:bgColor="darkOrange" atc:width='380' atc:height='70' atc:aircraft='PM3' atc:posX='10' 
		atc:posY='10' atc:displayText="Push 9 to hand-off /n to different airspace. OK?"  atc:displayTextSize='20'>
				<atc:displayTime atc:startTime='35' atc:endTime='50'/>
				<atc:flashColor>darkOrange</atc:flashColor>
				<atc:flashColor>darkOrange</atc:flashColor>
				<atc:flashTime atc:startTime='35' atc:endTime='39'/>
			</atc:reminderBox>		




		</atc:sky>










		<!-- ================================= -->
		<!-- =============== 2 =============== -->
		<!-- ===========INT TIME 142s========= -->
		<!-- ================================= -->



		<atc:sky atc:idx='script2'> 


			<!-- ==============RT================= -->
			<!-- ================================= -->
			<atc:aircraft atc:idx="RT1" atc:type="B717">
				<atc:start>0</atc:start>
				<atc:altitude>32000</atc:altitude>
				<atc:velocity>430</atc:velocity>
				<atc:flightpath>
					<atc:point atc:x='15'       	atc:y='17.7695' />
					<atc:point atc:x='21.475'       	atc:y='17.899'>
						<atc:altitude>34000</atc:altitude>						
						<atc:ascent>2000</atc:ascent>
					</atc:point>
					<atc:point atc:x='70'      	atc:y='18.8871' />
				</atc:flightpath>
				<atc:acceptedStateFlashParams>
					<atc:flashItem>fl</atc:flashItem>
					<atc:colour>red</atc:colour>
				</atc:acceptedStateFlashParams>
				<atc:conflictDetails>
					<atc:trial>trial3</atc:trial>
					<atc:acceptanceTime>169</atc:acceptanceTime>
					<atc:conflictTime>185</atc:conflictTime>
					<atc:conflictAircraft>RT2</atc:conflictAircraft>
				</atc:conflictDetails>
			</atc:aircraft>


			<atc:aircraft atc:idx="RT2" atc:type="B767">
				<atc:start>68</atc:start>
				<atc:altitude>34000</atc:altitude>
				<atc:velocity>480</atc:velocity>
				<atc:flightpath>
					<atc:point atc:x='41.7667' 	atc:y='1'	/>
					<atc:point atc:x='41.7759' 	atc:y='18.3559'	/>
					<atc:point atc:x='24.9686' 	atc:y='35.0425'	/>
					<atc:point atc:x='16.9014' 	atc:y='52.5'	/>
				</atc:flightpath>
				<atc:acceptedStateFlashParams>
					<atc:flashItem>none</atc:flashItem>
					<atc:colour>blue</atc:colour>
				</atc:acceptedStateFlashParams>
				<atc:conflictDetails>
					<atc:trial>trial3</atc:trial>
					<atc:acceptanceTime>169</atc:acceptanceTime>
					<atc:conflictTime>185</atc:conflictTime>
					<atc:conflictAircraft>RT1</atc:conflictAircraft>
				</atc:conflictDetails>
			</atc:aircraft>


			<!-- ==============PM================= -->
			<!-- ================================= -->

			<atc:aircraft atc:idx="PM2" atc:type="A320">
				<atc:start>0</atc:start>
				<atc:altitude>46000</atc:altitude>
        <atc:altitudeChangeEnableTime>20</atc:altitudeChangeEnableTime>
				<atc:velocity>450</atc:velocity>
				<atc:flightpath>
					<atc:point atc:x='38'    atc:y='30.86' />
					<atc:point atc:x='30.6458'    atc:y='24.2536' />
					<atc:point atc:x='23.7007'    atc:y='18.0156' />
					<atc:point atc:x='23.7115'    atc:y='0' />
				</atc:flightpath>
				<atc:acceptedStateFlashParams>
					<atc:flashItem>fl</atc:flashItem>
					<atc:colour>red</atc:colour>
				</atc:acceptedStateFlashParams>
				<atc:coordinationRequest atc:key='9'>
					<atc:show>true</atc:show>
				</atc:coordinationRequest>
			</atc:aircraft>	

			<!-- =============NORM=START==========-->
			<!-- ================================= -->



			<atc:aircraft atc:idx="C54" atc:type="B767">
				<atc:start>0</atc:start>
				<atc:altitude>36000</atc:altitude>
				<atc:velocity>480</atc:velocity>
				<atc:flightpath>
					<atc:point atc:x='41.7667' 	atc:y='3'	/>
					<atc:point atc:x='41.7759' 	atc:y='18.3559'	/>
					<atc:point atc:x='24.9686' 	atc:y='35.0425'	/>
					<atc:point atc:x='16.9014' 	atc:y='52.5'	/>
				</atc:flightpath>
				<atc:acceptedStateFlashParams>
					<atc:flashItem>none</atc:flashItem>
					<atc:colour>blue</atc:colour>
				</atc:acceptedStateFlashParams>
				<atc:conflictDetails>
					<atc:trial>trial3</atc:trial>
					<atc:acceptanceTime>90</atc:acceptanceTime>
					<atc:conflictTime>246</atc:conflictTime>
					<atc:conflictAircraft>C8</atc:conflictAircraft>
				</atc:conflictDetails>
			</atc:aircraft>




			<atc:aircraft atc:idx="C63" atc:type="A320">
				<atc:start>0</atc:start>
				<atc:altitude>39000</atc:altitude>
				<atc:velocity>450</atc:velocity>
				<atc:flightpath>
					<atc:point atc:x='42.6823'    atc:y='35.4057' />
					<atc:point atc:x='0'       	atc:y='34.5725' />
				</atc:flightpath>
				<atc:acceptedStateFlashParams>
					<atc:flashItem>none</atc:flashItem>
					<atc:colour>red</atc:colour>
				</atc:acceptedStateFlashParams>
				<atc:conflictDetails>
					<atc:trial>trial2</atc:trial>
					<atc:acceptanceTime>132</atc:acceptanceTime>
					<atc:conflictTime>212</atc:conflictTime>
					<atc:conflictAircraft>C50</atc:conflictAircraft>
				</atc:conflictDetails>
			</atc:aircraft>





			<atc:aircraft atc:idx="C85" atc:type="B747">
				<atc:start>0</atc:start>
				<atc:altitude>40000</atc:altitude>
        <atc:altitudeChangeEnableTime>5</atc:altitudeChangeEnableTime>
				<atc:velocity>480</atc:velocity>
				<atc:flightpath>
					<atc:point atc:x='21.7270' 	atc:y='42.0583'	/>
					<atc:point atc:x='21.7270' 	atc:y='42.0583'	/>
					<atc:point atc:x='16.9014' 	atc:y='52.5'	/>
				</atc:flightpath>
				<atc:acceptedStateFlashParams>
					<atc:flashItem>none</atc:flashItem>
					<atc:colour>blue</atc:colour>
				</atc:acceptedStateFlashParams>
			</atc:aircraft>



			<atc:aircraft atc:idx="C11" atc:type="B767">
				<atc:start>0</atc:start>
				<atc:altitude>43000</atc:altitude>
				<atc:velocity>440</atc:velocity>
				<atc:flightpath>
					<atc:point atc:x='14.3203'    atc:y='23.0848' />
					<atc:point atc:x='14.3025'    atc:y='0' />
				</atc:flightpath>
				<atc:acceptedStateFlashParams>
					<atc:flashItem>none</atc:flashItem>
					<atc:colour>blue</atc:colour>
				</atc:acceptedStateFlashParams>
			</atc:aircraft>



			<atc:aircraft atc:idx="C98" atc:type="B767">
				<atc:start>0</atc:start>
				<atc:altitude>35000</atc:altitude>
				<atc:velocity>440</atc:velocity>
				<atc:flightpath>
					<atc:point atc:x='29.7759' 	atc:y='30.3559'	/>
					<atc:point atc:x='24.9686' 	atc:y='35.0425'	/>
					<atc:point atc:x='16.9014' 	atc:y='52.5'	/>
				</atc:flightpath>
				<atc:acceptedStateFlashParams>
					<atc:flashItem>none</atc:flashItem>
					<atc:colour>blue</atc:colour>
				</atc:acceptedStateFlashParams>
			</atc:aircraft>		


			<atc:aircraft atc:idx="C28" atc:type="B767">
				<atc:start>0</atc:start>
				<atc:altitude>38000</atc:altitude>
				<atc:velocity>490</atc:velocity>
				<atc:flightpath>
					<atc:point atc:x='51.4831'    atc:y='18.5697' />
					<atc:point atc:x='70'      	atc:y='18.8871' />
				</atc:flightpath>
				<atc:acceptedStateFlashParams>
					<atc:flashItem>none</atc:flashItem>
					<atc:colour>blue</atc:colour>
				</atc:acceptedStateFlashParams>
			</atc:aircraft>

			<atc:aircraft atc:idx="C39" atc:type="B747">
				<atc:start>0</atc:start>
				<atc:altitude>33000</atc:altitude>
				<atc:velocity>420</atc:velocity>
				<atc:flightpath>
					<atc:point atc:x='14.3004' 	atc:y='14'	/>
					<atc:point atc:x='14.3025' 	atc:y='0'	/>
				</atc:flightpath>
				<atc:acceptedStateFlashParams>
					<atc:flashItem>none</atc:flashItem>
					<atc:colour>blue</atc:colour>
				</atc:acceptedStateFlashParams>
			</atc:aircraft>


			<atc:aircraft atc:idx="C51" atc:type="A330">
				<atc:start>0</atc:start>
				<atc:altitude>39000</atc:altitude>
				<atc:velocity>470</atc:velocity>
				<atc:flightpath>
					<atc:point atc:x='50.5087' 	atc:y='35.5232'	/>
					<atc:point atc:x='67.2757' 	atc:y='52.5'	/>
				</atc:flightpath>
				<atc:acceptedStateFlashParams>
					<atc:flashItem>none</atc:flashItem>
					<atc:colour>blue</atc:colour>
				</atc:acceptedStateFlashParams>
			</atc:aircraft>

			<atc:aircraft atc:idx="C05" atc:type="B762">
				<atc:start>0</atc:start>
				<atc:altitude>35000</atc:altitude>
        <atc:altitudeChangeEnableTime>0</atc:altitudeChangeEnableTime>
				<atc:velocity>450</atc:velocity>
				<atc:flightpath>
					<atc:point atc:x='30.5769'    atc:y='18.1256' />
					<atc:point atc:x='70'      	atc:y='18.8871' />
				</atc:flightpath>
				<atc:acceptedStateFlashParams>
					<atc:flashItem>none</atc:flashItem>
					<atc:colour>red</atc:colour>
				</atc:acceptedStateFlashParams>
				<atc:conflictDetails>
					<atc:trial>trial2</atc:trial>
					<atc:acceptanceTime>24</atc:acceptanceTime>
					<atc:conflictTime>123</atc:conflictTime>
					<atc:conflictAircraft>C71</atc:conflictAircraft>
				</atc:conflictDetails>
			</atc:aircraft>


			<atc:aircraft atc:idx="C8" atc:type="B767">
				<atc:start>0</atc:start>
				<atc:altitude>36000</atc:altitude>
				<atc:velocity>480</atc:velocity>
				<atc:flightpath>
					<atc:point atc:x='63.8247'    atc:y='35.8301' />
					<atc:point atc:x='0'       	atc:y='34.5725' />
				</atc:flightpath>
				<atc:conflictDetails>
				<atc:trial>trial2</atc:trial>
				<atc:acceptanceTime>90</atc:acceptanceTime>
				<atc:conflictTime>246</atc:conflictTime>
				<atc:conflictAircraft>C54</atc:conflictAircraft>
				</atc:conflictDetails>
			</atc:aircraft>



			<atc:aircraft atc:idx="C33" atc:type="B767">
				<atc:start>0</atc:start>
				<atc:altitude>31000</atc:altitude>
				<atc:velocity>470</atc:velocity>
				<atc:flightpath>
					<atc:point atc:x='50.5131' 	atc:y='22.7912' 	/>
					<atc:point atc:x='50.5131' 	atc:y='22.7912'>
						<atc:altitude>35000</atc:altitude>
						<atc:ascent>2000</atc:ascent>
					</atc:point>
					<atc:point atc:x='50.5087' 	atc:y='35.5232'	/>
					<atc:point atc:x='67.2757' 	atc:y='52.5'	/>
				</atc:flightpath>
			</atc:aircraft>




			<atc:aircraft atc:idx="C71" atc:type="B737">
				<atc:start>0</atc:start>
				<atc:altitude>35000</atc:altitude>
				<atc:velocity>460</atc:velocity>
				<atc:flightpath>
					<atc:point atc:x='50.6008' 	atc:y='1' 	/>
					<atc:point atc:x='50.5087' 	atc:y='35.5232'	/>
					<atc:point atc:x='67.2757' 	atc:y='52.5'	/>
				</atc:flightpath>
				<atc:acceptedStateFlashParams>
					<atc:flashItem>fl</atc:flashItem>
					<atc:colour>red</atc:colour>
				</atc:acceptedStateFlashParams>
				<atc:conflictDetails>
					<atc:trial>trial2</atc:trial>
					<atc:acceptanceTime>24</atc:acceptanceTime>
					<atc:conflictTime>123</atc:conflictTime>
					<atc:conflictAircraft>C05</atc:conflictAircraft>
				</atc:conflictDetails>
			</atc:aircraft>		



			<!-- ==============AFTER START================= -->
			<!-- ================================= -->		




			<atc:aircraft atc:idx="C32" atc:type="B737">
				<atc:start>157</atc:start>
				<atc:altitude>32000</atc:altitude>
				<atc:velocity>480</atc:velocity>
				<atc:flightpath>
					<atc:point atc:x='0'    atc:y='17.5695' />
					<atc:point atc:x='70'    atc:y='18.8871' />
				</atc:flightpath>
				<atc:acceptedStateFlashParams>
					<atc:flashItem>none</atc:flashItem>
					<atc:colour>blue</atc:colour>
				</atc:acceptedStateFlashParams>
			</atc:aircraft>



			<atc:aircraft atc:idx="C04" atc:type="B737">
				<atc:start>262</atc:start>
				<atc:altitude>32000</atc:altitude>
				<atc:velocity>480</atc:velocity>
				<atc:flightpath>
					<atc:point atc:x='41.7534'    atc:y='1' />
					<atc:point atc:x='41.7259'    atc:y='18.3359' />
					<atc:point atc:x='24.9686'    atc:y='35.0425' />
					<atc:point atc:x='16.9014'    atc:y='52.5' />
				</atc:flightpath>
				<atc:acceptedStateFlashParams>
					<atc:flashItem>none</atc:flashItem>
					<atc:colour>blue</atc:colour>
				</atc:acceptedStateFlashParams>
			</atc:aircraft>





			<atc:aircraft atc:idx="C21" atc:type="B737">
				<atc:start>150</atc:start>
				<atc:altitude>33000</atc:altitude>
				<atc:velocity>460</atc:velocity>
				<atc:flightpath>
					<atc:point atc:x='67.8247'    atc:y='35.8301' />
					<atc:point atc:x='0'       	atc:y='34.5725' />
				</atc:flightpath>
				<atc:acceptedStateFlashParams>
					<atc:flashItem>fl</atc:flashItem>
					<atc:colour>red</atc:colour>
				</atc:acceptedStateFlashParams>
			</atc:aircraft>



			<atc:aircraft atc:idx="C26" atc:type="B747">
				<atc:start>200</atc:start>
				<atc:altitude>32000</atc:altitude>
				<atc:velocity>460</atc:velocity>
				<atc:flightpath>
					<atc:point atc:x='53.3153'    atc:y='52.5' />
					<atc:point atc:x='51.1627'    atc:y='43.7893' />
					<atc:point atc:x='43.0438'    atc:y='35.3827' />
					<atc:point atc:x='30.6458'    atc:y='24.2536' />
					<atc:point atc:x='23.7007'    atc:y='18.0156' />
					<atc:point atc:x='23.7115'    atc:y='0' />
				</atc:flightpath>
				<atc:acceptedStateFlashParams>
					<atc:flashItem>fl</atc:flashItem>
					<atc:colour>red</atc:colour>
				</atc:acceptedStateFlashParams>
			</atc:aircraft>			


			<atc:aircraft atc:idx="C61" atc:type="B767">
				<atc:start>66</atc:start>
				<atc:altitude>40000</atc:altitude>
				<atc:velocity>450</atc:velocity>
				<atc:flightpath>
					<atc:point atc:x='53.3153'    atc:y='52.5' />
					<atc:point atc:x='51.1627'    atc:y='43.7893'  >
						<atc:altitude>37000</atc:altitude>
						<atc:ascent>2000</atc:ascent>
					</atc:point>
					<atc:point atc:x='43.0438'    atc:y='35.3827' />
					<atc:point atc:x='30.6458'    atc:y='24.2536' />
					<atc:point atc:x='23.7007'    atc:y='18.0156' />
					<atc:point atc:x='23.7115'    atc:y='0' />
				</atc:flightpath>
			</atc:aircraft>			




			<atc:aircraft atc:idx="C5" atc:type="A330">
				<atc:start>15</atc:start>
				<atc:altitude>34000</atc:altitude>
        <atc:altitudeChangeEnableTime>60</atc:altitudeChangeEnableTime>
				<atc:velocity>500</atc:velocity>
				<atc:flightpath>
					<atc:point atc:x='6.751'      atc:y='52.5' />
					<atc:point atc:x='10.7531'    atc:y='42.8942' />
					<atc:point atc:x='14.3025'    atc:y='34.8417' />
					<atc:point atc:x='14.3203'    atc:y='23.0848' />
					<atc:point atc:x='14.3025'    atc:y='0' />
				</atc:flightpath>
				<atc:acceptedStateFlashParams>
					<atc:flashItem>fl</atc:flashItem>
					<atc:colour>red</atc:colour>
				</atc:acceptedStateFlashParams>
			</atc:aircraft>




			<atc:aircraft atc:idx="C50" atc:type="A330">
				<atc:start>90</atc:start>
				<atc:altitude>39000</atc:altitude>
				<atc:velocity>450</atc:velocity>
				<atc:flightpath>
					<atc:point atc:x='6.7561'  	atc:y='52.5' 	/>
					<atc:point atc:x='10.7531' 	atc:y='42.8946'	/>
					<atc:point atc:x='14.3025' 	atc:y='34.8417'	/>
					<atc:point atc:x='14.3025' 	atc:y='0'	/>
				</atc:flightpath>
				<atc:conflictDetails>
					<atc:trial>trial2</atc:trial>
					<atc:acceptanceTime>132</atc:acceptanceTime>
					<atc:conflictTime>212</atc:conflictTime>
					<atc:conflictAircraft>C63</atc:conflictAircraft>
				</atc:conflictDetails>
			</atc:aircraft>	



			<atc:aircraft atc:idx="C75" atc:type="B717">
				<atc:start>175</atc:start>
				<atc:altitude>34000</atc:altitude>
				<atc:velocity>430</atc:velocity>
				<atc:flightpath>
					<atc:point atc:x='6.7561'  	atc:y='52.5' 	/>
					<atc:point atc:x='10.7531' 	atc:y='42.8946'	/>
					<atc:point atc:x='14.3025' 	atc:y='34.8417'	/>
					<atc:point atc:x='14.3025' 	atc:y='0'	/>
				</atc:flightpath>
				<atc:acceptedStateFlashParams>
					<atc:flashItem>fl</atc:flashItem>
					<atc:colour>red</atc:colour>
				</atc:acceptedStateFlashParams>
			</atc:aircraft>	






			<atc:aircraft atc:idx="C49" atc:type="B767">
				<atc:start>173</atc:start>
				<atc:altitude>39000</atc:altitude>
				<atc:velocity>460</atc:velocity>
				<atc:flightpath>
					<atc:point atc:x='50.6008' 	atc:y='0' 	/>
					<atc:point atc:x='50.5087' 	atc:y='35.5232'	/>
					<atc:point atc:x='67.2757' 	atc:y='52.5'	/>
				</atc:flightpath>
				<atc:acceptedStateFlashParams>
					<atc:flashItem>fl</atc:flashItem>
					<atc:colour>red</atc:colour>
				</atc:acceptedStateFlashParams>
			</atc:aircraft>

			<atc:reminderBox atc:bgColor="darkOrange" atc:width='380' atc:height='70' atc:aircraft='C5' atc:posX='10' 
		atc:posY='10' atc:displayText="This is just a test"  atc:displayTextSize='20'>
				<atc:displayTime atc:startTime='120' atc:endTime='140'/>
				<atc:flashColor>darkOrange</atc:flashColor>
				<atc:flashColor>darkOrange</atc:flashColor>
				<atc:flashTime atc:startTime='130' atc:endTime='135'/>
        <atc:dismissButton atc:enable_time='120' atc:label="Hi" atc:fontSize='20' atc:width='100' atc:height='50' atc:posX='50' atc:posY='10'/>
			</atc:reminderBox>		

			<atc:reminderBox atc:bgColor="darkOrange" atc:width='380' atc:height='70' atc:aircraft='PM2' atc:posX='10' 
		atc:posY='10' atc:displayText="Push 9 to hand-off /n to different airspace. OK?"  atc:displayTextSize='20'>
				<atc:displayTime atc:startTime='5' atc:endTime='85'/>
				<atc:flashColor>darkOrange</atc:flashColor>
				<atc:flashColor>darkOrange</atc:flashColor>
				<atc:flashTime atc:startTime='10' atc:endTime='70'/>
        <atc:dismissButton atc:enable_time='15' atc:label="Ok" atc:fontSize='8' atc:width='20' atc:height='15' atc:posX='83' atc:posY='34'/>
			</atc:reminderBox>

        <atc:reminderBox atc:bgColor="darkOrange" atc:width='380' atc:height='70' atc:aircraft='C8' atc:posX='10' 
		atc:posY='10' atc:displayText="This is just a test"  atc:displayTextSize='20'>
				<atc:displayTime atc:startTime='35' atc:endTime='600'/>
				<atc:flashColor>darkOrange</atc:flashColor>
				<atc:flashColor>darkOrange</atc:flashColor>
				<atc:flashTime atc:startTime='35' atc:endTime='600'/>
        <atc:dismissButton atc:enable_time='45' atc:label="Multiple reminderboxes" atc:fontSize='10' atc:width='120' atc:height='30' atc:posX='20' atc:posY='70'/>
			</atc:reminderBox>		



		</atc:sky>







		<!-- ================================= -->
		<!-- =============== 1 =============== -->
		<!-- ===========INT TIME 120s========= -->
		<!-- ================================= -->

		<!--==RESUMPTION TIME CONFLICT==-->



		<atc:sky atc:idx='script1'> 

			<atc:aircraft atc:idx="RT1" atc:type="B767">
				<atc:start>0</atc:start>
				<atc:altitude>35000</atc:altitude>
				<atc:velocity>430</atc:velocity>
				<atc:flightpath>
					<atc:point atc:x='41.7667' 	atc:y='6.1573' />
					<atc:point atc:x='41.7759' 	atc:y='18.3559'	/>
					<atc:point atc:x='41.47' 	atc:y='18.659'>
						<atc:altitude>33000</atc:altitude>
						<atc:ascent>2000</atc:ascent>
					</atc:point>
					<atc:point atc:x='24.9686' 	atc:y='35.0425'	/>
					<atc:point atc:x='16.9014' 	atc:y='52.5'	/>
				</atc:flightpath>
				<atc:acceptedStateFlashParams>
					<atc:flashItem>fl</atc:flashItem>
					<atc:colour>blue</atc:colour>
				</atc:acceptedStateFlashParams>
				<atc:conflictDetails>
					<atc:trial>trial1</atc:trial>
					<atc:acceptanceTime>147</atc:acceptanceTime>
					<atc:conflictTime>170</atc:conflictTime>
					<atc:conflictAircraft>RT2</atc:conflictAircraft>
				</atc:conflictDetails>
			</atc:aircraft>


			<atc:aircraft atc:idx="RT2" atc:type="A330">
				<atc:start>0</atc:start>
				<atc:altitude>33000</atc:altitude>
				<atc:velocity>430</atc:velocity>
				<atc:flightpath>
					<atc:point atc:x='50.5627' 	atc:y='42.9893' />
					<atc:point atc:x='43.0438' 	atc:y='35.3827'	/>
					<atc:point atc:x='23.7007' 	atc:y='18.0156'	/>
					<atc:point atc:x='23.7115' 	atc:y='0'	/>
				</atc:flightpath>
				<atc:acceptedStateFlashParams>
					<atc:flashItem>fl</atc:flashItem>
					<atc:colour>red</atc:colour>
				</atc:acceptedStateFlashParams>
				<atc:conflictDetails>
					<atc:trial>trial1</atc:trial>
					<atc:acceptanceTime>147</atc:acceptanceTime>
					<atc:conflictTime>170</atc:conflictTime>
					<atc:conflictAircraft>RT1</atc:conflictAircraft>
				</atc:conflictDetails>
			</atc:aircraft>


			<!--==PM TASK==-->


			<atc:aircraft atc:idx="PM1" atc:type="A320">
				<atc:start>0</atc:start>
				<atc:altitude>33000</atc:altitude>
				<atc:velocity>430</atc:velocity>
				<atc:flightpath>
					<atc:point atc:x='14.3025'    atc:y='34.8417' />
					<atc:point atc:x='14.3025'    atc:y='32.8417' />
					<atc:point atc:x='14.3203'    atc:y='23.0848' />
					<atc:point atc:x='14.3025'    atc:y='0' />

				</atc:flightpath>
			</atc:aircraft>


			<!--==PRE-INT-ROUTINE==-->




			<atc:aircraft atc:idx="C24" atc:type="B744">
				<atc:start>0</atc:start>
				<atc:altitude>34000</atc:altitude>
        <atc:altitudeChangeEnableTime>24</atc:altitudeChangeEnableTime>
				<atc:velocity>440</atc:velocity>
				<atc:flightpath>
					<atc:point atc:x='50.5029' 	atc:y='23.3530' 	/>
					<atc:point atc:x='50.5029' 	atc:y='28.3530'>
						<atc:altitude>38000</atc:altitude>
						<atc:ascent>1750</atc:ascent>
					</atc:point>
					<atc:point atc:x='50.5087' 	atc:y='35.5232'	/>
					<atc:point atc:x='67.2757' 	atc:y='52.5'	/>
				</atc:flightpath>
				<atc:acceptedStateFlashParams>
					<atc:flashItem>none</atc:flashItem>
					<atc:colour>red</atc:colour>
				</atc:acceptedStateFlashParams>
			</atc:aircraft>



			<atc:aircraft atc:idx="C18" atc:type="B767">
				<atc:start>0</atc:start>
				<atc:altitude>37000</atc:altitude>
        <atc:altitudeChangeEnableTime>18</atc:altitudeChangeEnableTime>
				<atc:velocity>450</atc:velocity>
				<atc:flightpath>
					<atc:point atc:x='38.75'    atc:y='21.36' />
					<atc:point atc:x='24.9686'    atc:y='35.0425' />
					<atc:point atc:x='16.9014'    atc:y='52.5' />
				</atc:flightpath>
				<atc:acceptedStateFlashParams>
					<atc:flashItem>fl</atc:flashItem>
					<atc:colour>red</atc:colour>
				</atc:acceptedStateFlashParams>
			</atc:aircraft> 	

			<atc:aircraft atc:idx="C81" atc:type="B744">
				<atc:start>0</atc:start>
				<atc:altitude>34000</atc:altitude>
        <atc:altitudeChangeEnableTime>0</atc:altitudeChangeEnableTime>
				<atc:velocity>480</atc:velocity>
				<atc:flightpath>
					<atc:point atc:x='50.5029' 	atc:y='33.3530' 	/>
					<atc:point atc:x='50.5087' 	atc:y='35.5232'	/>
					<atc:point atc:x='67.2757' 	atc:y='52.5'	/>
				</atc:flightpath>
				<atc:acceptedStateFlashParams>
					<atc:flashItem>none</atc:flashItem>
					<atc:colour>red</atc:colour>
				</atc:acceptedStateFlashParams>
			</atc:aircraft>


			<atc:aircraft atc:idx="C90" atc:type="B737">
				<atc:start>0</atc:start>
				<atc:altitude>34000</atc:altitude>
				<atc:velocity>430</atc:velocity>
				<atc:flightpath>
					<atc:point atc:x='23.7007' 	atc:y='18.0156'	/>
					<atc:point atc:x='23.7115' 	atc:y='0'	 	/>
				</atc:flightpath>
				<atc:acceptedStateFlashParams>
					<atc:flashItem>none</atc:flashItem>
					<atc:colour>blue</atc:colour>
				</atc:acceptedStateFlashParams>
			</atc:aircraft>	

			<atc:aircraft atc:idx="C01" atc:type="B747">
				<atc:start>0</atc:start>
				<atc:altitude>33000</atc:altitude>
				<atc:velocity>480</atc:velocity>
				<atc:flightpath>
					<atc:point atc:x='46.4831'    atc:y='18.5697' />
					<atc:point atc:x='70'      	atc:y='18.8871' />
				</atc:flightpath>
				<atc:acceptedStateFlashParams>
					<atc:flashItem>none</atc:flashItem>
					<atc:colour>blue</atc:colour>
				</atc:acceptedStateFlashParams>
			</atc:aircraft>


			<atc:aircraft atc:idx="C47" atc:type="B744">
				<atc:start>0</atc:start>
				<atc:altitude>30000</atc:altitude>
				<atc:velocity>490</atc:velocity>
				<atc:flightpath>
					<atc:point atc:x='23.7019' 	atc:y='11.9496'	/>
					<atc:point atc:x='23.7115' 	atc:y='0'		/>
				</atc:flightpath>
				<atc:acceptedStateFlashParams>
					<atc:flashItem>none</atc:flashItem>
					<atc:colour>blue</atc:colour>
				</atc:acceptedStateFlashParams>
			</atc:aircraft>



			<atc:aircraft atc:idx="C69" atc:type="B767">
				<atc:start>0</atc:start>
				<atc:altitude>41000</atc:altitude>
				<atc:velocity>490</atc:velocity>
				<atc:flightpath>
					<atc:point atc:x='35'       	atc:y='18.25' />
					<atc:point atc:x='70'      	atc:y='18.8871' />
				</atc:flightpath>
				<atc:conflictDetails>
					<atc:trial>trial1</atc:trial>
					<atc:acceptanceTime>12</atc:acceptanceTime>
					<atc:conflictTime>91</atc:conflictTime>
					<atc:conflictAircraft>C84</atc:conflictAircraft>
				</atc:conflictDetails>
			</atc:aircraft> 	





			<atc:aircraft atc:idx="C40" atc:type="B767">
				<atc:start>0</atc:start>
				<atc:altitude>39000</atc:altitude>
				<atc:velocity>510</atc:velocity>
				<atc:flightpath>
					<atc:point atc:x='22.0823'    atc:y='35.0' />
					<atc:point atc:x='0'       	atc:y='34.5725' />
				</atc:flightpath>
				<atc:acceptedStateFlashParams>
					<atc:flashItem>none</atc:flashItem>
					<atc:colour>red</atc:colour>
				</atc:acceptedStateFlashParams>
				<atc:conflictDetails>
					<atc:trial>trial1</atc:trial>
					<atc:acceptanceTime>0</atc:acceptanceTime>
					<atc:conflictTime>38</atc:conflictTime>
					<atc:conflictAircraft>C27</atc:conflictAircraft>
				</atc:conflictDetails>
			</atc:aircraft>



			<atc:aircraft atc:idx="C27" atc:type="B767">
				<atc:start>0</atc:start>
				<atc:altitude>39000</atc:altitude>
				<atc:velocity>510</atc:velocity>
				<atc:flightpath>
					<atc:point atc:x='10.7643' 	atc:y='42.8693'	/>
					<atc:point atc:x='14.3025' 	atc:y='34.8417'	/>				
					<atc:point atc:x='14.3025' 	atc:y='32.8417'>
						<atc:velocity>430</atc:velocity>
					</atc:point>
					<atc:point atc:x='14.3025' 	atc:y='0'	/>
				</atc:flightpath>
				<atc:acceptedStateFlashParams>
					<atc:flashItem>none</atc:flashItem>
					<atc:colour>red</atc:colour>
				</atc:acceptedStateFlashParams>
				<atc:conflictDetails>
					<atc:trial>trial1</atc:trial>
					<atc:acceptanceTime>0</atc:acceptanceTime>
					<atc:conflictTime>38</atc:conflictTime>
					<atc:conflictAircraft>C40</atc:conflictAircraft>
				</atc:conflictDetails>
			</atc:aircraft>




			<atc:aircraft atc:idx="C17" atc:type="B767">
				<atc:start>135</atc:start>
				<atc:altitude>35000</atc:altitude>
				<atc:velocity>460</atc:velocity>
				<atc:flightpath>
					<atc:point atc:x='6.751'      atc:y='52.5' />
					<atc:point atc:x='10.7531'    atc:y='42.8942' />
					<atc:point atc:x='14.3025'    atc:y='34.8417' />
					<atc:point atc:x='14.3203'    atc:y='23.0848' />
					<atc:point atc:x='14.3025'    atc:y='0' />
				</atc:flightpath>
				<atc:acceptedStateFlashParams>
					<atc:flashItem>none</atc:flashItem>
					<atc:colour>red</atc:colour>
				</atc:acceptedStateFlashParams>
			</atc:aircraft>

			<atc:aircraft atc:idx="C84" atc:type="B747">
				<atc:start>0</atc:start>
				<atc:altitude>41000</atc:altitude>
				<atc:velocity>480</atc:velocity>
				<atc:flightpath>
					<atc:point atc:x='50.6008' 	atc:y='2.5' 	/>
					<atc:point atc:x='50.5087' 	atc:y='35.5232'>
					<atc:velocity>490</atc:velocity>
					</atc:point>
					<atc:point atc:x='67.2757' 	atc:y='52.5'	/>
				</atc:flightpath>
				<atc:conflictDetails>
					<atc:trial>trial1</atc:trial>
					<atc:acceptanceTime>12</atc:acceptanceTime>
					<atc:conflictTime>91</atc:conflictTime>
					<atc:conflictAircraft>C69</atc:conflictAircraft>
				</atc:conflictDetails>
			</atc:aircraft>


			<atc:aircraft atc:idx="C08" atc:type="A320">
				<atc:start>167</atc:start>
				<atc:altitude>39000</atc:altitude>
				<atc:velocity>450</atc:velocity>
				<atc:flightpath>
					<atc:point atc:x='50.6008' 	atc:y='1' 	/>
					<atc:point atc:x='50.5087' 	atc:y='35.5232'	/>
					<atc:point atc:x='67.2757' 	atc:y='52.5'	/>
				</atc:flightpath>
			</atc:aircraft>




			<!--==INT==-->



			<!--==NEW ATC 90-120==-->
			<atc:aircraft atc:idx="C53" atc:type="B747">
				<atc:start>0</atc:start>
				<atc:altitude>38000</atc:altitude>
				<atc:velocity>510</atc:velocity>
				<atc:flightpath>
					<atc:point atc:x='14.3203'    atc:y='15.0848' />
					<atc:point atc:x='14.3025'    atc:y='0' />
				</atc:flightpath>
				<atc:acceptedStateFlashParams>
					<atc:flashItem>none</atc:flashItem>
					<atc:colour>red</atc:colour>
				</atc:acceptedStateFlashParams>
			</atc:aircraft>



			<atc:aircraft atc:idx="C60" atc:type="B747">
				<atc:start>84</atc:start>
				<atc:altitude>38000</atc:altitude>
				<atc:velocity>510</atc:velocity>
				<atc:flightpath>
					<atc:point atc:x='68'    atc:y='35.8901' />
					<atc:point atc:x='0'    atc:y='34.5725' />
				</atc:flightpath>
				<atc:acceptedStateFlashParams>
					<atc:flashItem>none</atc:flashItem>
					<atc:colour>red</atc:colour>
				</atc:acceptedStateFlashParams>
				<atc:conflictDetails>
					<atc:trial>trial1</atc:trial>
					<atc:acceptanceTime>126</atc:acceptanceTime>
					<atc:conflictTime>210</atc:conflictTime>
					<atc:conflictAircraft>C59</atc:conflictAircraft>
				</atc:conflictDetails>
			</atc:aircraft>

			<atc:aircraft atc:idx="C59" atc:type="B747">
				<atc:start>100</atc:start>
				<atc:altitude>38000</atc:altitude>
				<atc:velocity>510</atc:velocity>
				<atc:flightpath>
					<atc:point atc:x='53.3153'    atc:y='52.5' />
					<atc:point atc:x='51.1627'    atc:y='43.7893' />
					<atc:point atc:x='43.0438'    atc:y='35.3827' />
					<atc:point atc:x='30.6458'    atc:y='24.2536' />
					<atc:point atc:x='23.7007'    atc:y='18.0156' />
					<atc:point atc:x='23.7115'    atc:y='0' />
				</atc:flightpath>
				<atc:acceptedStateFlashParams>
					<atc:flashItem>none</atc:flashItem>
					<atc:colour>red</atc:colour>
				</atc:acceptedStateFlashParams>
				<atc:conflictDetails>
					<atc:trial>trial1</atc:trial>
					<atc:acceptanceTime>126</atc:acceptanceTime>
					<atc:conflictTime>210</atc:conflictTime>
					<atc:conflictAircraft>C60</atc:conflictAircraft>
				</atc:conflictDetails>		
			</atc:aircraft>



			<!--==POST-INT ROUTINE==-->

			<!--==regular==-->

			<atc:aircraft atc:idx="C91" atc:type="B717">
				<atc:start>180</atc:start>
				<atc:altitude>32000</atc:altitude>
				<atc:velocity>480</atc:velocity>
				<atc:flightpath>
					<atc:point atc:x='53.3153'    atc:y='52.5' />
					<atc:point atc:x='51.1627'    atc:y='43.7893' />
					<atc:point atc:x='43.0438'    atc:y='35.3827' />
					<atc:point atc:x='30.6458'    atc:y='24.2536' />
					<atc:point atc:x='23.7007'    atc:y='18.0156' />
					<atc:point atc:x='23.7115'    atc:y='0' />
				</atc:flightpath>
				<atc:acceptedStateFlashParams>
					<atc:flashItem>none</atc:flashItem>
					<atc:colour>red</atc:colour>
				</atc:acceptedStateFlashParams>
			</atc:aircraft>




			<atc:aircraft atc:idx="C72" atc:type="B737">
				<atc:start>166</atc:start>
				<atc:altitude>35000</atc:altitude>
				<atc:velocity>460</atc:velocity>
				<atc:flightpath>
					<atc:point atc:x='68'    atc:y='35.8901' />
					<atc:point atc:x='0'    atc:y='34.5725' />
				</atc:flightpath>
				<atc:acceptedStateFlashParams>
					<atc:flashItem>none</atc:flashItem>
					<atc:colour>red</atc:colour>
				</atc:acceptedStateFlashParams>
			</atc:aircraft>


			<atc:aircraft atc:idx="C70" atc:type="A330">
				<atc:start>80</atc:start>
				<atc:altitude>42000</atc:altitude>
				<atc:velocity>490</atc:velocity>
				<atc:flightpath>
					<atc:point atc:x='41.7534'    atc:y='0' />
					<atc:point atc:x='41.7259'    atc:y='18.3359' />
					<atc:point atc:x='24.9686'    atc:y='35.0425' />
					<atc:point atc:x='16.9014'    atc:y='52.5' />
				</atc:flightpath>
				<atc:acceptedStateFlashParams>
					<atc:flashItem>fl</atc:flashItem>
					<atc:colour>red</atc:colour>
				</atc:acceptedStateFlashParams>
			</atc:aircraft>


			<atc:aircraft atc:idx="C30" atc:type="B767">
				<atc:start>160</atc:start>
				<atc:altitude>39000</atc:altitude>
				<atc:velocity>450</atc:velocity>
				<atc:flightpath>
					<atc:point atc:x='41.7534'    atc:y='0' />
					<atc:point atc:x='41.7259'    atc:y='18.3359' />
					<atc:point atc:x='24.9686'    atc:y='35.0425' />
					<atc:point atc:x='16.9014'    atc:y='52.5' />
				</atc:flightpath>
				<atc:acceptedStateFlashParams>
					<atc:flashItem>fl</atc:flashItem>
					<atc:colour>red</atc:colour>
				</atc:acceptedStateFlashParams>
			</atc:aircraft>


			<atc:aircraft atc:idx="C65" atc:type="B737">
				<atc:start>225</atc:start>
				<atc:altitude>35000</atc:altitude>
				<atc:velocity>480</atc:velocity>
				<atc:flightpath>
					<atc:point atc:x='0'    atc:y='17.5695' />
					<atc:point atc:x='70'    atc:y='18.8871' />
				</atc:flightpath>
				<atc:acceptedStateFlashParams>
					<atc:flashItem>fl</atc:flashItem>
					<atc:colour>red</atc:colour>
				</atc:acceptedStateFlashParams>
			</atc:aircraft>





			<atc:aircraft atc:idx="C80" atc:type="B767">
				<atc:start>5</atc:start>
				<atc:altitude>36000</atc:altitude>
				<atc:velocity>490</atc:velocity>
				<atc:flightpath>
					<atc:point atc:x='0'    atc:y='17.5695' />
					<atc:point atc:x='70'    atc:y='18.8871' />

				</atc:flightpath>
				<atc:acceptedStateFlashParams>
					<atc:flashItem>fl</atc:flashItem>
					<atc:colour>red</atc:colour>
				</atc:acceptedStateFlashParams>
			</atc:aircraft> 



			<atc:aircraft atc:idx="C07" atc:type="A330">
				<atc:start>230</atc:start>
				<atc:altitude>40000</atc:altitude>
				<atc:velocity>500</atc:velocity>
				<atc:flightpath>
					<atc:point atc:x='50.6008' 	atc:y='1' 	/>
					<atc:point atc:x='50.5087' 	atc:y='35.5232'	/>
					<atc:point atc:x='67.2757' 	atc:y='52.5'	/>
				</atc:flightpath>
				<atc:acceptedStateFlashParams>
					<atc:flashItem>fl</atc:flashItem>
					<atc:colour>red</atc:colour>
				</atc:acceptedStateFlashParams>
			</atc:aircraft>

			<atc:aircraft atc:idx="C64" atc:type="A320">
				<atc:start>247</atc:start>
				<atc:altitude>36000</atc:altitude>
				<atc:velocity>500</atc:velocity>
				<atc:flightpath>
					<atc:point atc:x='41.7534'    atc:y='0' />
					<atc:point atc:x='41.7259'    atc:y='18.3359' />
					<atc:point atc:x='24.9686'    atc:y='35.0425' />
					<atc:point atc:x='16.9014'    atc:y='52.5' />
				</atc:flightpath>
				<atc:acceptedStateFlashParams>
					<atc:flashItem>fl</atc:flashItem>
					<atc:colour>red</atc:colour>
				</atc:acceptedStateFlashParams>
			</atc:aircraft>

			<atc:reminderBox atc:bgColor="darkOrange" atc:width='380' atc:height='70' atc:aircraft='C18' atc:posX='10' 
atc:posY='10' atc:displayText="Push 9 to hand-off /n to different airspace. OK?" atc:displayTextSize='20'>
				<atc:displayTime atc:startTime='0' atc:endTime='80'/>
				<atc:flashColor>darkOrange</atc:flashColor>
				<atc:flashColor>darkOrange</atc:flashColor>
				<atc:flashTime atc:startTime='0' atc:endTime='600'/>
        <atc:dismissButton atc:enable_time='0' atc:label="Multiple reminderboxes" atc:fontSize='10' atc:width='120' atc:height='30' atc:posX='20' atc:posY='70'/>
			</atc:reminderBox>

      <atc:reminderBox atc:bgColor="darkOrange" atc:width='380' atc:height='70' atc:aircraft='C69' atc:posX='10' 
		atc:posY='10' atc:displayText="This is just a test"  atc:displayTextSize='20'>
				<atc:displayTime atc:startTime='0' atc:endTime='600'/>
				<atc:flashColor>darkOrange</atc:flashColor>
				<atc:flashColor>darkOrange</atc:flashColor>
				<atc:flashTime atc:startTime='15' atc:endTime='600'/>
        <atc:dismissButton atc:enable_time='10' atc:label="Multiple reminderboxes" atc:fontSize='10' atc:width='120' atc:height='30' atc:posX='20' atc:posY='70'/>
			</atc:reminderBox>

	    <atc:reminderBox atc:bgColor="darkOrange" atc:width='380' atc:height='70' atc:aircraft='C81' atc:posX='10' 
		atc:posY='10' atc:displayText="This is just a test too"  atc:displayTextSize='20'>
				<atc:displayTime atc:startTime='5' atc:endTime='60'/>
				<atc:flashColor>darkOrange</atc:flashColor>
				<atc:flashColor>darkOrange</atc:flashColor>
				<atc:flashTime atc:startTime='35' atc:endTime='600'/>
        <atc:dismissButton atc:enable_time='15' atc:label="reminder me" atc:fontSize='6' atc:width='60' atc:height='10' atc:posX='10' atc:posY='5'/>
			</atc:reminderBox>

		  <atc:reminderBox atc:bgColor="darkOrange" atc:width='380' atc:height='70' atc:aircraft='RT1' atc:posX='10' 
		atc:posY='10' atc:displayText="do something"  atc:displayTextSize='20'>
				<atc:displayTime atc:startTime='30' atc:endTime='600'/>
				<atc:flashColor>darkOrange</atc:flashColor>
				<atc:flashColor>darkOrange</atc:flashColor>
				<atc:flashTime atc:startTime='35' atc:endTime='600'/>
        <atc:dismissButton atc:enable_time='30' atc:label="late comer" atc:fontSize='40' atc:width='100' atc:height='50' atc:posX='20' atc:posY='20'/>
			</atc:reminderBox>
		</atc:sky>

		<!-- ===================================================================== -->
		<!-- =========================== TEST ORDER ============================== -->
		<!-- ===================================================================== -->


		<atc:ui atc:idx='ui001'>
		</atc:ui>

	</atc:data>

	<atc:presentation>
		<atc:phase atc:idx='phase-test'>

			<atc:instruction atc:idxref="Start"/>

			<atc:trial atc:idx='test2' atc:param='default' atc:map="map1" atc:sky="script2" atc:ui="ui001">
				<atc:timeEvent>300</atc:timeEvent>
			</atc:trial>

			<atc:instruction atc:idxref="Motivation1"/>
			<atc:instruction atc:idxref="Workload1"/>
			<atc:instruction atc:idxref="Rest"/>	



			<atc:trial atc:idx='test1' atc:param='default' atc:map="map1" atc:sky="script1" atc:ui="ui001">
				<atc:timeEvent>300</atc:timeEvent>
			</atc:trial>


			<atc:instruction atc:idxref="Motivation1"/>
			<atc:instruction atc:idxref="Workload1"/>
			<atc:instruction atc:idxref="Rest"/>
			<atc:trial atc:idx='test3' atc:param='default' atc:map="map1" atc:sky="script3" atc:ui="ui001">
				<atc:timeEvent>300</atc:timeEvent>
			</atc:trial>

			<atc:instruction atc:idxref="Motivation1"/>
			<atc:instruction atc:idxref="Workload1"/>

			<atc:instruction atc:idxref="End"/>

		</atc:phase>
	</atc:presentation>
</atc:experiment>
